method,backbone,dataset,configuration,configuration_role,protocol,native_evaluation_role,baseline_reference_protocol,count_in_primary_summary,task_adaptation,status,n_units,tau_nonint_dAUC_mean,tau_nonint_dAUC_lo,tau_nonint_dAUC_hi,tau_nonint_negDP_mean,tau_nonint_negDP_lo,tau_nonint_negDP_hi,tau_nonint_negEO_mean,tau_nonint_negEO_lo,tau_nonint_negEO_hi,tau_I_dAUC_mean,tau_I_dAUC_lo,tau_I_dAUC_hi,tau_I_dAUC_sign_stability,tau_I_dAUC_resolved,tau_I_negDP_mean,tau_I_negDP_lo,tau_I_negDP_hi,tau_I_negDP_sign_stability,tau_I_negDP_resolved,tau_I_negEO_mean,tau_I_negEO_lo,tau_I_negEO_hi,tau_I_negEO_sign_stability,tau_I_negEO_resolved,tau_pkg_dAUC_mean,tau_pkg_dAUC_lo,tau_pkg_dAUC_hi,tau_pkg_negDP_mean,tau_pkg_negDP_lo,tau_pkg_negDP_hi,tau_pkg_negEO_mean,tau_pkg_negEO_lo,tau_pkg_negEO_hi,tau_I_dAUC_auc_selector_mean,tau_I_dAUC_auc_selector_lo,tau_I_dAUC_auc_selector_hi,tau_I_dAUC_auc_selector_sign_stability,tau_I_dAUC_auc_selector_resolved,tau_I_negDP_auc_selector_mean,tau_I_negDP_auc_selector_lo,tau_I_negDP_auc_selector_hi,tau_I_negDP_auc_selector_sign_stability,tau_I_negDP_auc_selector_resolved,tau_I_negEO_auc_selector_mean,tau_I_negEO_auc_selector_lo,tau_I_negEO_auc_selector_hi,tau_I_negEO_auc_selector_sign_stability,tau_I_negEO_auc_selector_resolved,nonint_larger_dAUC,nonint_larger_negDP,nonint_larger_negEO,caveat
BIND,GCN,bail,10pct,robustness,controlled,,same_protocol,False,,complete,30,0.10490527798440645,0.0567883839337554,0.15361544983439096,-0.040558445196880046,-0.05709778495501551,-0.02257357276126283,-0.02089705897021762,-0.03807638945728003,-0.002737344029698054,-0.0009330622671601378,-0.004537822018629251,0.0031723891481950698,0.6333333333333333,False,0.00325887807491695,-0.0013205214254592664,0.009124920114257395,0.5,False,-0.0001717957713975628,-0.005999669543105304,0.0071635347216177665,0.5333333333333333,False,0.10397221571724628,0.05545561409396147,0.15319397331199694,-0.03729956712196308,-0.05247980652928683,-0.02036665867147972,-0.02106885474161519,-0.03666754176965117,-0.004233995652741833,-0.00899937271624324,-0.013121386390212842,-0.005327045556642259,0.9,False,-0.0002290074556824261,-0.014562492961706312,0.010615486288860767,0.5666666666666667,False,-0.006659045930743851,-0.012426713274607126,-0.0012891797677092184,0.7,False,True,True,True,"the published 1% / 10% budgets are applied as fractions of the training set; on bail (|train| = 100) that is 1 and 10 deleted nodes; no native cell: the published influence estimator reads test labels; the controlled cells use the same estimator with its fairness cost on validation nodes; robustness configuration: shares data, splits and baseline with the primary configuration of the same dataset, never pooled into primary counts"
BIND,GCN,income,10pct,robustness,controlled,,same_protocol,False,,complete,30,0.1268618570245607,0.11742067795485608,0.1356817806460359,-0.06500919995440889,-0.09101439927202509,-0.03004522930730013,-0.09373404758299758,-0.13583693177495126,-0.04969512606312919,-0.00045187362181119036,-0.0018574344156936952,0.0008940471037604705,0.5666666666666667,False,0.052974741718479615,0.04676197453302405,0.058611888817886204,1.0,True,0.06971662593528913,0.050394751723335185,0.08767561559406503,0.9666666666666667,True,0.1264099834027495,0.11641145337548212,0.13553743214781744,-0.012034458235929272,-0.0393517160118436,0.025206454941383873,-0.02401742164770846,-0.0693386875915006,0.0245217998217799,-0.0008010564928538207,-0.0027369625001090253,0.0013317529339040054,0.6666666666666666,False,0.0956695432215355,0.07356385231907801,0.11671789170838932,0.9333333333333333,True,0.12314412048012083,0.10105461852081674,0.1440522539944592,0.9333333333333333,True,True,True,True,"the published 1% / 10% budgets are applied as fractions of the training set; on income (|train| = 4605) that is 46 and 461 deleted nodes; no native cell: the published influence estimator reads test labels; the controlled cells use the same estimator with its fairness cost on validation nodes; robustness configuration: shares data, splits and baseline with the primary configuration of the same dataset, never pooled into primary counts"
BIND,GCN,bail,1pct,primary,controlled,,same_protocol,True,,complete,30,0.10490353375801899,0.05678667685588241,0.15361540479381008,-0.040572492113581826,-0.05711858166654308,-0.022573704603697474,-0.02089705897021762,-0.03807638945728003,-0.002737344029698054,0.0007436080320891528,-0.0017406709716852676,0.003803196274128358,0.6333333333333333,False,0.0005513076003535531,-0.002150186124113708,0.0030923247867115423,0.6333333333333333,False,-0.0006720886592446126,-0.006770891044431968,0.00624342972207324,0.5333333333333333,False,0.10564714179010813,0.05751562206638342,0.15453972950715744,-0.04002118451322827,-0.055636361250182516,-0.023417395284579458,-0.021569147629462233,-0.037818920665776794,-0.003525984820442691,-0.002590297356479798,-0.005512601110922347,0.0004772798091159726,0.7666666666666667,False,-0.0015302217233638053,-0.006628175486578194,0.003099951411492041,0.5333333333333333,False,-0.0013787229496622366,-0.005975667761879561,0.002864447550175065,0.5666666666666667,False,True,True,True,the published 1% / 10% budgets are applied as fractions of the training set; on bail (|train| = 100) that is 1 and 10 deleted nodes; no native cell: the published influence estimator reads test labels; the controlled cells use the same estimator with its fairness cost on validation nodes
BIND,GCN,income,1pct,primary,controlled,,same_protocol,True,,complete,30,0.12686165683372164,0.11742072836004955,0.1356816537393433,-0.06500919995440889,-0.09101439927202509,-0.03004522930730013,-0.09373404758299758,-0.13583693177495126,-0.04969512606312919,-0.00039890884553231973,-0.0016035321957631867,0.0006843389777140416,0.5,False,0.04233838199071894,0.035540510733260734,0.048781209761123455,1.0,True,0.05426966250573333,0.03591469904803848,0.07041229365763467,0.9666666666666667,True,0.12646274798818932,0.11651515920104982,0.13551596686384038,-0.022670817963689957,-0.05041309244210389,0.014400676672337081,-0.039464385077264255,-0.08408672061578881,0.008465921886938526,-0.0002797595479233195,-0.0010720158659819617,0.000494300852798671,0.5333333333333333,False,0.0010534832102391664,-0.021577467667431557,0.021740915095051848,0.5666666666666667,False,0.003119263000863491,-0.027398026244419844,0.032521380837827636,0.6,False,True,True,True,the published 1% / 10% budgets are applied as fractions of the training set; on income (|train| = 4605) that is 46 and 461 deleted nodes; no native cell: the published influence estimator reads test labels; the controlled cells use the same estimator with its fairness cost on validation nodes
BeMap,GCN,bail,default,primary,controlled,,same_protocol,True,,complete,30,0.11075659311197027,0.06377314806843029,0.15903904230747054,-0.057615827234166334,-0.07207560985553665,-0.043582594141358795,-0.03207150156322622,-0.04798217761736412,-0.01630945301695485,-0.13926478721330915,-0.20755379423766274,-0.0914483663709581,1.0,True,0.059653184001909734,0.041908943965722735,0.074071556131283,1.0,True,0.024302717449657976,0.015530477798005505,0.03631378455986772,1.0,True,-0.02850819410133885,-0.10730453408301266,0.0430231390124834,0.0020373567677433933,-0.022593052925365533,0.024536097634774334,-0.00776878411356825,-0.02329558805535516,0.007321317497845994,-0.1366588173290518,-0.19012106692893202,-0.09367428176137403,1.0,True,0.04376194697981628,0.02752992017770442,0.06065655156529135,1.0,True,0.012121332324295289,0.0026529793487742787,0.020988810573215083,0.7666666666666667,True,False,False,True,no native cell: the official training loop selects on the test split
BeMap,GCN,credit,default,primary,controlled,,same_protocol,True,,complete,30,0.02932952461308321,0.022334644861999497,0.03612016001220749,0.029466001491715074,-0.0015782593760118883,0.05690880695562199,0.025861628023879642,-0.007676878845065479,0.05587678288474291,-0.035780285254646965,-0.04396534631123059,-0.030817114444644314,1.0,True,0.0224973836925205,-0.019565803307296438,0.06667254946249536,0.7,False,0.01621953950236466,-0.029282037753941902,0.063426693881549,0.7,False,-0.006450760641563761,-0.017616888870107067,0.002504059978761391,0.05196338518423558,0.019647276343624554,0.08353937027785885,0.04208116752624429,0.005578052757197959,0.07682204951286481,-0.010408815321924088,-0.011873250276042937,-0.008841327700299302,1.0,True,0.04208993207355089,0.018636592409433,0.06873151975431972,0.9333333333333333,True,0.04423775963354222,0.02030827039704462,0.07293652522114186,0.9333333333333333,True,False,True,True,no native cell: the official training loop selects on the test split
BeMap,GCN,pokec_z,default,primary,controlled,,same_protocol,True,,complete,30,0.05313276479958592,0.04650175244577225,0.06018625542154001,-0.024244404967868317,-0.05506884821557531,0.005405481646392879,-0.015429458659064928,-0.0443936829491279,0.009893373685510494,-0.01507648894607736,-0.023918062716253637,-0.00742793022503243,0.9666666666666667,True,-0.06677784952252212,-0.1438367754066933,0.007416828385447914,0.7,False,-0.0397299099900194,-0.09708578505673592,0.013763942637296744,0.5333333333333333,False,0.038056275853508556,0.027964058474204943,0.04716858932582954,-0.09102225449039043,-0.15156595041199372,-0.03217401422013681,-0.055159368649084335,-0.09438093279763461,-0.019072165895083516,-0.016261522935939885,-0.024542374770468115,-0.009297573369265249,1.0,True,-0.06924028723801504,-0.14952488515814524,0.006306199398604374,0.6,False,-0.05425742229405973,-0.11500024097855716,0.002667083113216174,0.6,False,True,False,False,no native cell: the official training loop selects on the test split
BeMap,GAT,bail,GAT,robustness,controlled,,same_protocol,False,,complete,30,0.14340706978640214,0.09523900931703878,0.1916448998692882,-0.0666531373106141,-0.08269486980223455,-0.05172293374822454,-0.042960714516004625,-0.05988695994589419,-0.027788993425090693,-0.09664649039967595,-0.14194411592721673,-0.06864023307520059,1.0,True,0.062080089261906786,0.04191881348561804,0.08204431431152624,1.0,True,0.03663845732765265,0.017581979458124074,0.05792529184945893,0.9,True,0.046760579386726175,-0.026186697895015303,0.1066700592188774,-0.004573048048707313,-0.027511471357684055,0.016387383282729536,-0.006322257188351986,-0.0255011229583851,0.010257040302216355,-0.10006333104256143,-0.13173583736004102,-0.07579598966958805,1.0,True,0.05262138286981473,0.03318155739084576,0.07136079172701985,1.0,True,0.025182537505287837,0.0074594855453372555,0.04343873925085423,0.7666666666666667,True,True,True,True,"no native cell: the official training loop selects on the test split; robustness configuration: shares data, splits and baseline with the primary configuration of the same dataset, never pooled into primary counts"
BeMap,GAT,credit,GAT,robustness,controlled,,same_protocol,False,,complete,30,0.019410968248842798,0.010758998971024263,0.027530129479013846,0.0462684233857466,0.021275641009453984,0.07086127312721235,0.04993567016119427,0.02398644310630353,0.0760893712876207,-0.009132072591273044,-0.018019695383905514,-0.00017554380521910977,0.6666666666666666,False,0.028989667108674955,0.007643507007647204,0.05546382649702044,0.6,False,0.021924580323691788,0.0027680174199811395,0.0454424630148526,0.6,False,0.010278895657569754,0.004227930718937625,0.016264421801681313,0.07525809049442156,0.04437441463952019,0.10755303388019348,0.07186025048488603,0.040924109083129295,0.10336065286888493,-0.013937504061225726,-0.016244192382717737,-0.011487399863374263,1.0,True,0.011702738822228899,-0.0028580896736646075,0.02586275194668007,0.7,False,0.012624237920073294,-0.0037881941385831948,0.027988896158804313,0.7,False,True,True,True,"no native cell: the official training loop selects on the test split; robustness configuration: shares data, splits and baseline with the primary configuration of the same dataset, never pooled into primary counts"
BeMap,GAT,pokec_z,GAT,robustness,controlled,,same_protocol,False,,complete,30,0.029917215400088324,0.023366066734868917,0.036276893369981765,-0.046298216658030945,-0.07157314962801835,-0.023864222770471934,-0.04281380326226295,-0.06615853493038575,-0.02168026820506347,-0.004887343590763727,-0.012026301380100777,0.0019268390393976627,0.6333333333333333,False,-0.03791201960783487,-0.07829309035557282,-0.005590525548382056,0.7666666666666667,True,-0.01897621439571858,-0.05164224742750383,0.005318899118829143,0.6666666666666666,False,0.025029871809324596,0.01621072405192993,0.03358746711062942,-0.08421023626586581,-0.12924932637432948,-0.039919709918302175,-0.061790017657981526,-0.09410855706501617,-0.02915155492496187,-0.0057738090232145635,-0.014355329816083447,0.002507804999135678,0.6333333333333333,False,-0.02601344126765337,-0.06854234947970592,0.015258602135870795,0.5666666666666667,False,-0.015574204727475702,-0.04579634738283991,0.01462563826310574,0.6333333333333333,False,True,True,True,"no native cell: the official training loop selects on the test split; robustness configuration: shares data, splits and baseline with the primary configuration of the same dataset, never pooled into primary counts"
EDITS,GCN,bail,default,primary,controlled,,same_protocol,True,,complete,30,0.13045787568914483,0.08395962970488327,0.1781146823588369,-0.035558972817273354,-0.046044659693722144,-0.024717383493285037,-0.00901377994930151,-0.018745464884719492,0.0001630602770765893,-0.03856350297800349,-0.09884804497412804,0.010347566443864831,0.5,False,0.007302170251964043,-0.0032920629248429406,0.019948707015116973,0.6,False,0.005072728242307465,-0.0010116772913302606,0.01166504290361018,0.6666666666666666,False,0.0918943727111413,0.011188302615178902,0.16395378566958896,-0.028256802565309314,-0.04377917619812191,-0.010287661621002005,-0.003941051706994047,-0.013282173716203929,0.005166196299014953,-0.03194865992394024,-0.08993005955114136,0.014551239169215087,0.5333333333333333,False,0.00950575425992789,-0.0010821838266448257,0.02175306503556003,0.6666666666666666,False,0.006440335368644518,0.00019296096879501467,0.013034089376820929,0.7,False,True,True,True,the wrapper's parameter routing was repaired from its own stored values so the structural half of the intervention is active; no native cell: the repository carries no official configuration
EDITS,GCN,credit,default,primary,controlled,,same_protocol,True,,complete,30,0.01121412047894205,0.005116129771336095,0.01799757956966711,-0.2662824376572352,-0.29853298286332,-0.23365346294238698,-0.3266905180392616,-0.36154491136237776,-0.29171219113710156,-0.01300737372395816,-0.020472563150189565,-0.0043690518415184275,0.8,True,0.20922419953234034,0.07555197685846207,0.3396007745643521,0.8666666666666667,True,0.23291161093257853,0.09730465057100603,0.3628585679359377,0.9,True,-0.0017932532450161095,-0.012916648005237744,0.01071314366923319,-0.0570582381248949,-0.19392316565744258,0.0747242569433299,-0.09377890710668309,-0.2336964674551781,0.036944194954665895,-0.011848614222925886,-0.0187418035048193,-0.0037949986390056517,0.8333333333333334,True,0.17421973375084301,0.0515903278306755,0.287011830689387,0.8333333333333334,True,0.19155637926656077,0.06148522485265551,0.3095086597906395,0.8,True,False,True,True,the wrapper's parameter routing was repaired from its own stored values so the structural half of the intervention is active; no native cell: the repository carries no official configuration
EDITS,GCN,german,default,primary,controlled,,same_protocol,True,,complete,30,-0.011301587301587309,-0.03464126984126984,0.016118126984126985,-0.04065079764532158,-0.12162059150767804,0.032095348083323746,-0.06034139107179516,-0.14069887842164053,0.020133333333333288,-0.02890666666666665,-0.06377428571428571,0.006294349206349216,0.8333333333333334,False,0.27597799885437485,0.11787445476602916,0.3992037523747005,0.8666666666666667,True,0.2211369597484384,0.08744079142768219,0.33807121005982177,0.8666666666666667,True,-0.04020825396825396,-0.07159336507936508,-0.005770730158730158,0.2353272012090533,0.07738039399969857,0.3865751881107758,0.16079556867664324,0.02922274644491366,0.27891313034522325,-0.02509714285714286,-0.05714298412698415,0.007149714285714286,0.8,False,0.28696933744309183,0.12868935996119252,0.40482012656959665,0.8666666666666667,True,0.23076238426221557,0.10060059165244112,0.3381162654526942,0.8666666666666667,True,False,False,False,the wrapper's parameter routing was repaired from its own stored values so the structural half of the intervention is active; no native cell: the repository carries no official configuration
FairEdit,GCN,bail,default,primary,controlled,,same_protocol,True,,complete,30,0.12014105721419686,0.07341157583743275,0.16732176302194143,-0.04026010104513955,-0.05502863363845651,-0.025016852896881936,-0.013293678118184925,-0.02340142590971115,-0.0033014243777476793,-5.905497750561631e-06,-2.2146892050073916e-05,7.621344586153281e-06,0.6333333333333333,False,4.3966670641187405e-05,-9.876384778741604e-05,0.000191049577193594,0.7,False,3.541451066885656e-05,-0.00010491383910857718,0.00020829003513407954,0.6666666666666666,False,0.12013515171644631,0.07339770014981856,0.16732058877812567,-0.040216134374498363,-0.055019029989055404,-0.024920937098463464,-0.013258263607516066,-0.023367338288191562,-0.0032276603059348823,-1.112861077179339e-06,-1.121151732774726e-05,9.661961910968536e-06,0.5666666666666667,False,-4.169221498335971e-05,-0.00015466752805307302,5.617249302002659e-05,0.5714285714285714,False,-7.693366164223334e-05,-0.0002383624648138199,0.0,1.0,False,True,True,True,"the repository default deletes 10 undirected edges per run (20 of 642,616 directed entries); the edge-addition branch is disabled (add=False), so a near-zero estimate reflects the size of the intervention; no native cell: the repository carries no official configuration"
FairEdit,GCN,credit,default,primary,controlled,,same_protocol,True,,complete,30,-0.019399905547370328,-0.06516636221018327,0.008439657340733648,0.07668029531546282,0.04810451789841681,0.10669590057979594,0.07389947480614834,0.0452947023891648,0.1038319963081182,-5.108243683660252e-07,-1.1592445261797887e-06,7.05178420750315e-08,0.5666666666666667,False,0.0,0.0,0.0,0.0,False,0.0,0.0,0.0,0.0,False,-0.019400416371738692,-0.06516694651930294,0.00843886551996398,0.07668029531546282,0.04810451789841681,0.10669590057979594,0.07389947480614834,0.0452947023891648,0.1038319963081182,-3.3710968417866026e-07,-1.1936434735553465e-06,5.538660512465389e-07,0.5,False,0.0,0.0,0.0,0.0,False,0.0,0.0,0.0,0.0,False,True,True,True,"the repository default deletes 10 undirected edges per run (20 of 2,873,716 directed entries); the edge-addition branch is disabled (add=False), so a near-zero estimate reflects the size of the intervention; no native cell: the repository carries no official configuration"
FairEdit,GCN,german,default,primary,controlled,,same_protocol,True,,complete,30,-0.10936888888888892,-0.17934419047619046,-0.040184888888888895,0.06506526098555718,-0.08547573196764499,0.20986863315854568,0.021169196443352776,-0.1283140885435143,0.16777956083497228,0.00014476190476189754,-2.539682539689179e-06,0.0003352380952380904,0.5652173913043478,False,0.0005512484453886617,-0.001849652566944595,0.0024935731288621464,0.8,False,6.249999999996536e-06,-0.003163076241134762,0.002394326241134744,0.6666666666666666,False,-0.109224126984127,-0.17926911111111107,-0.040027936507936526,0.06561650943094587,-0.0848457915403653,0.21005715759105986,0.02117544644335276,-0.12768421012849585,0.16759720816385057,-2.2857142857148533e-05,-0.0012342857142857181,0.0006120634920634973,0.6071428571428571,False,0.00016999808652839362,-0.011352392092173185,0.007690462217484026,0.8181818181818182,False,-0.0006923363198707409,-0.013959616120679938,0.00710257504420206,0.7777777777777778,False,True,True,True,"the repository default deletes 10 undirected edges per run (20 of 44,484 directed entries); the edge-addition branch is disabled (add=False), so a near-zero estimate reflects the size of the intervention; no native cell: the repository carries no official configuration"
FairGB,SAGE,bail,default,primary,controlled,,same_protocol,True,,complete,30,0.12207134185663748,0.07389522908803303,0.17002729714296355,-0.03123745006104372,-0.07121178242676336,0.004245368375179263,-0.033692835799144526,-0.07592443665396019,-0.0038869371066287263,0.019466089432959945,0.007167647945473477,0.030928270188511645,0.8333333333333334,True,-0.05967847882306418,-0.10817409598374039,-0.015625214406395388,0.7333333333333333,False,-0.0654411114118266,-0.11163691233885026,-0.02299047928928465,0.7666666666666667,True,0.14153743128959742,0.09494007984475297,0.18842806188578998,-0.0909159288841079,-0.14476301164009323,-0.03317953306923595,-0.09913394721097114,-0.14611061075175147,-0.052250809286854,0.013269264422424465,0.002392565539545643,0.02418534073063894,0.8,True,-0.081354373918574,-0.13486540318891804,-0.03224881244308475,0.8333333333333334,True,-0.07111087142631216,-0.10823662710549219,-0.03803360018126957,0.9,True,True,False,False,
FairGB,SAGE,bail,default,primary,native,targeted,controlled_fixed_reference,False,,complete,30,0.12193974683143897,0.07420780179070505,0.16960010405410506,-0.03189321793045117,-0.07245622519877377,0.003990801661723761,-0.03169861811121086,-0.07334953419866218,-0.0017511437742751882,0.062444490872115774,0.05530129055533617,0.0691246247521732,1.0,True,-0.010277096017912745,-0.036280622761011835,0.014528705666863288,0.5333333333333333,False,0.002037832208821971,-0.02003987824204889,0.02162801110972422,0.6,False,0.18438423770355475,0.13830613519992985,0.23023539331571646,-0.042170313948363916,-0.07231095411525154,-0.011787356635325204,-0.029660785902388888,-0.064523924019192,-0.00041037652618512174,0.042280930905421205,0.036524585955093704,0.04817849577406151,1.0,True,-0.010005216722781644,-0.04134196860425532,0.019389561757166877,0.5666666666666667,False,-0.024444515358517972,-0.04396948520161289,-0.00904027393352605,0.7666666666666667,True,True,True,True,"native protocol for the method arms only: the baseline is the fixed controlled reference trained at H = 200, so tau_I is a within-protocol contrast while tau_nonint and tau_pkg are measured against that fixed reference and are not a same-protocol B -> M contrast"
FairGB,SAGE,credit,default,primary,controlled,,same_protocol,True,,complete,30,0.030627054627626757,0.024711289548770783,0.03693072188736567,0.048626035085297184,0.017405883279917704,0.08072911842812501,0.04866748245919192,0.0161119711113016,0.08122254894912341,-0.007588469706756196,-0.010726658327673853,-0.004264721812100767,0.8333333333333334,False,0.013940207380883534,-0.01763191382186305,0.05015046665479856,0.5666666666666667,False,0.007903880457788002,-0.022386498320567428,0.042296982279308386,0.5666666666666667,False,0.02303858492087056,0.0165601523040914,0.029413492658593856,0.06256624246618071,0.027025970298277382,0.0965819570463869,0.05657136291697993,0.02203787152073603,0.08932190031694788,-0.005642631330967174,-0.007834218065659843,-0.0036448194566087804,0.9,False,-0.015680211403196077,-0.04006486493195414,0.005385888460663579,0.5,False,-0.024591807455726568,-0.053184947009081864,0.00035317987221330713,0.6,False,True,True,True,
FairGB,SAGE,credit,default,primary,native,targeted,controlled_fixed_reference,False,,complete,30,0.0291263128315263,0.023291459107718137,0.03506211319028668,0.06395619490556605,0.023475317680072494,0.10062713191849335,0.06217555378015198,0.020842451334199475,0.10068182374404823,0.0032477594159636652,-0.00034720654920181496,0.0071358834442578995,0.6666666666666666,False,0.08101070359283453,0.042922456373891395,0.121840006751986,0.8666666666666667,True,0.06827733372007459,0.029172537392978662,0.11035532866838146,0.8666666666666667,True,0.03237407224748997,0.025925511418610176,0.038842649135862335,0.1449668984984006,0.11935015714551753,0.17068920129500884,0.13045288750022657,0.1025435685085775,0.15789370362179386,-0.0035761816459806916,-0.006021236422348499,-0.0013067744306570056,0.8,False,0.07721984874744946,0.04545226868731082,0.11667860073430802,0.9,True,0.06807396400665496,0.035889772959012654,0.11070260683138902,0.8666666666666667,True,True,False,False,"native protocol for the method arms only: the baseline is the fixed controlled reference trained at H = 200, so tau_I is a within-protocol contrast while tau_nonint and tau_pkg are measured against that fixed reference and are not a same-protocol B -> M contrast"
FairGB,SAGE,german,default,primary,controlled,,same_protocol,True,,complete,30,-0.04617142857142856,-0.08167190476190477,-0.013670507936507932,0.05357003812014073,-0.07554836421995509,0.17491383589315246,0.028406259873925935,-0.09606689164525148,0.1414459293983551,0.03194920634920633,0.009963047619047576,0.05693485714285712,0.7586206896551724,True,-0.027261487455429348,-0.09533111009212276,0.031636204658468725,0.5517241379310345,False,-0.016467232365759532,-0.07482802242971659,0.03437275217208633,0.5517241379310345,False,-0.014222222222222226,-0.05548190476190475,0.018929079365079347,0.026308550664711373,-0.1019258933363583,0.139812645383915,0.011939027508166401,-0.12109933506736027,0.1264066666666666,0.017779047619047625,0.006691999999999998,0.027633047619047623,0.7931034482758621,True,-0.07669173835889952,-0.12813473992363267,-0.028843319635388488,0.7931034482758621,True,-0.07869574495874002,-0.12875567570527027,-0.03463310086815464,0.7586206896551724,True,True,True,True,
FairGB,SAGE,german,default,primary,native,targeted,controlled_fixed_reference,False,,complete,30,0.004220952380952381,-0.021803777777777773,0.03258923809523808,0.21277889474410425,0.10551071108135791,0.31900234895851226,0.18845363420190772,0.07878839453467557,0.2958141303861969,0.025706666666666666,0.013384126984126998,0.03967847619047616,0.9,True,0.020373068479004906,-0.02208046174247283,0.056551582463825925,0.6666666666666666,False,0.021555914339731155,-0.013376718938018487,0.04929570659439895,0.7241379310344828,False,0.029927619047619047,0.006453238095238092,0.05845482539682541,0.23315196322310916,0.13216464737656647,0.3273119699932624,0.21000954854163886,0.1138774534258148,0.2997224221683354,0.02240507936507937,0.010016190476190472,0.032845777777777765,0.8666666666666667,True,0.0772940707430155,-0.00042881623098412456,0.15761405640391254,0.7333333333333333,False,0.05604423450231155,-0.00458049453158921,0.11656178938241958,0.7931034482758621,False,False,True,True,"native protocol for the method arms only: the baseline is the fixed controlled reference trained at H = 200, so tau_I is a within-protocol contrast while tau_nonint and tau_pkg are measured against that fixed reference and are not a same-protocol B -> M contrast"
FairGNN,GCN,bail,default,primary,controlled,,same_protocol,True,,complete,30,0.12702304751234414,0.07997964986839542,0.17446738787717378,-0.03893293868747316,-0.04967711734542929,-0.027910707888727737,-0.014186279079654317,-0.023114765534765658,-0.006329263954610031,9.175842509176283e-05,1.2453601027120067e-05,0.00019196271641163393,0.5333333333333333,False,-5.56999503948663e-06,-0.00023013799943770897,0.00018949350997933588,0.5625,False,2.6215496747943796e-05,-0.0004473276655060164,0.0004499455171175953,0.6666666666666666,False,0.12711480593743593,0.08014379113759529,0.17450741213308107,-0.038938508682512654,-0.0496271970427549,-0.027920110987846945,-0.014160063582906373,-0.023028694296837533,-0.006450397069856496,0.0001038117628331355,2.1969121261867514e-05,0.00021809924731048709,0.7666666666666667,False,-2.7350628357100498e-06,-0.0002650349188104741,0.00025210955914473017,0.6111111111111112,False,8.064509996352666e-05,-0.00031060226888716665,0.0005079975540736374,0.5454545454545454,False,True,True,True,
FairGNN,GCN,credit,default,primary,controlled,,same_protocol,True,,complete,30,-0.008362320466303882,-0.019533109494222982,0.0019141504524648135,0.0008348738285503989,-0.03132088742818431,0.03252996482236336,0.005080481514285681,-0.02867366979590898,0.037179629734347755,0.004942836345253572,-0.003951290858338689,0.013872226038785414,0.6,False,-0.01010719209497029,-0.026526576587728914,0.005214957899024715,0.6333333333333333,False,-0.01360112817595032,-0.032730592050679595,0.003666969322721092,0.6333333333333333,False,-0.003419484121050309,-0.011963494022512126,0.006126696414188366,-0.009272318266419891,-0.04320413098517367,0.025857590753629867,-0.008520646661664636,-0.04514065875277227,0.02830647210710401,-0.0019450093611575422,-0.009144555754278276,0.006176271489151403,0.6,False,0.004440751786970087,-0.01504237172528972,0.027057082369198,0.5666666666666667,False,0.00627176500307256,-0.014833565833307848,0.028573024569077322,0.6,False,True,False,False,
FairGNN,GCN,german,default,primary,controlled,,same_protocol,True,,complete,30,-0.06076190476190477,-0.10440485714285715,-0.02164269841269844,0.05716281926282719,-0.005512426990704056,0.1242110038881098,0.03377126537967431,-0.03254554194298881,0.09876909127480776,-0.012782222222222212,-0.040970412698412687,0.021240571428571418,0.6333333333333333,False,0.09323584636887298,-0.001523953742560222,0.18460452123140186,0.7333333333333333,False,0.06567982244316169,-0.022954697495280573,0.14798727866634254,0.7407407407407407,False,-0.07354412698412698,-0.12685473015873014,-0.030374190476190464,0.15039866563170015,0.03850228002209347,0.26123199978210226,0.099451087822836,-0.0008596069580314611,0.19966667785066158,-0.021434920634920647,-0.03330800000000002,-0.011032063492063501,0.8666666666666667,True,0.12624066220899374,0.03666018443372304,0.2106033601838004,0.7241379310344828,False,0.10403254227222807,0.007405315459517145,0.18707884433028532,0.7241379310344828,False,True,False,False,
FairGNN,GCN,pokec_n,default,primary,controlled,,same_protocol,True,,complete,30,0.00035705724349069563,-0.0024334930605055876,0.002982982998231214,-0.0037535752000629713,-0.0122814685647891,0.0068069196960760334,-0.001030854114969724,-0.009540124506708242,0.0069663425607291276,-0.005895447951256361,-0.00836202160797401,-0.00368829015492358,0.9333333333333333,False,-0.003922356821659583,-0.01568436915039828,0.006971975686088758,0.5333333333333333,False,3.173030202510002e-05,-0.01129152219958395,0.012808432069121509,0.5,False,-0.005538390707765665,-0.008264137605377107,-0.002919360343107399,-0.007675932021722555,-0.02280982266765723,0.00630848740300785,-0.0009991238129446248,-0.015453036876941308,0.012189264021440507,-0.00563578863454497,-0.00808456413936764,-0.003397158893721945,0.9333333333333333,False,0.0026543914746238184,-0.00804077742108693,0.01302285633446454,0.6,False,0.003153038205808727,-0.006975633265139149,0.01339635669293238,0.5333333333333333,False,False,False,True,
FairGNN,GCN,pokec_n_g,default,primary,controlled,,same_protocol,True,,complete,30,0.000616780624674144,-0.002241520738809982,0.003367116313321056,-0.0044001144873914945,-0.011391461158731683,0.002680346043589288,-0.00398430844511537,-0.011792773729756525,0.0030441889376920436,-0.005861039554374118,-0.00832352622238575,-0.0036341062250526586,0.9,False,-0.00490737538878745,-0.010834102613744656,0.00022288743168781322,0.6333333333333333,False,-0.008442991229106571,-0.014959079315098328,-0.002021350799834495,0.6666666666666666,False,-0.005244258929699974,-0.00807237196661533,-0.0025494221867070595,-0.009307489876178942,-0.019778132371701618,-4.866656524619078e-05,-0.012427299674221938,-0.021272586993102933,-0.003087024106147194,-0.0056911988933483594,-0.00822958078828444,-0.0033208956503754457,0.9,False,-0.004245534931481023,-0.012941287930396256,0.004033026895393244,0.5666666666666667,False,-0.006146507740237462,-0.01357199987002262,0.0009375629976304319,0.6,False,False,False,False,
FairGNN,GCN,pokec_z,default,primary,controlled,,same_protocol,True,,complete,30,0.024260213471084088,0.018222065180167085,0.03082813810254293,-0.0363698748477489,-0.0580299568456297,-0.01631449722019313,-0.028941337266973104,-0.048425345934138296,-0.009227870063310141,-0.007030128603089603,-0.010747748310503865,-0.003488519969715184,0.6333333333333333,False,-0.017961795022491765,-0.0340993691809975,-0.005237436079416074,0.7,False,-0.013582394797678357,-0.026274874945730525,-0.001730461342237266,0.6333333333333333,False,0.017230084867994485,0.009857217176633215,0.024433651608473415,-0.05433166987024065,-0.07939895220615154,-0.028361709599362857,-0.042523732064651446,-0.06513595294175628,-0.019725370844912472,-0.0029904741833228295,-0.005399309734124164,-0.00045180458281891383,0.6,False,-0.007925842439283909,-0.021714421817392592,0.004805231577518282,0.6,False,-0.008408319878172402,-0.024139088726418942,0.0050099153742312625,0.5666666666666667,False,True,True,True,
FairGNN,GCN,pokec_z_g,default,primary,controlled,,same_protocol,True,,complete,30,0.024191233645314558,0.017816706239534057,0.03098376054553941,-0.002325310621647453,-0.012089172435449368,0.007838742913440217,-0.01121924614438342,-0.023191222936485272,-6.0178902334867774e-05,-0.006960510014670895,-0.010360416493492699,-0.0035262319859000343,0.6333333333333333,False,0.001159880801971113,-0.006453273147355571,0.009015444117404216,0.5333333333333333,False,0.009117785424708183,-0.0006838483792048652,0.019291187783486877,0.6333333333333333,False,0.017230723630643662,0.009819753404865354,0.024355054085162364,-0.0011654298196763393,-0.012551945857308261,0.009603705133668088,-0.0021014607196752364,-0.013885031602772352,0.009602030187153311,-0.0034426330587836213,-0.006184690736928403,-0.0006410688978077551,0.6333333333333333,False,-0.005108902504086717,-0.009811322382567787,-0.0008144015645815587,0.7,False,-0.00010370706759047638,-0.007490921458537517,0.007126451392555585,0.5,False,True,True,True,
FairGNN,GAT,pokec_n,upstreamGAT,robustness,controlled,,same_protocol,False,,complete,30,-0.12313312069664661,-0.15551563107618666,-0.09237778257040596,-0.0707403049784384,-0.14380639344490603,0.007357005313233337,-0.06105899578244458,-0.13522015001987941,0.015908678228725305,0.004706302460421827,-0.009302148688294817,0.02190350974292623,0.5,False,0.048300305191206386,-0.024393722126395512,0.12772512291997404,0.5333333333333333,False,0.04046819370927649,-0.03257435109677543,0.11685069297719217,0.6,False,-0.11842681823622479,-0.15418582883404586,-0.08664633868332343,-0.022439999787232053,-0.09764392207796589,0.05001736340120043,-0.020590802073168088,-0.08986422069007942,0.04575808333898538,0.0028048749685570845,-0.012710440841435583,0.02249382060336862,0.5333333333333333,False,-0.0138699343739243,-0.049696347752165894,0.02017498797732771,0.625,False,-0.014949819034702242,-0.06183594695744503,0.019922334613043827,0.5416666666666666,False,True,True,True,"robustness configuration: shares data, splits and baseline with the primary configuration of the same dataset, never pooled into primary counts"
FairGNN,GAT,pokec_z,upstreamGAT,robustness,controlled,,same_protocol,False,,complete,30,-0.05201533176287469,-0.08076739319214592,-0.026680387214726476,-0.03952391935488273,-0.08650254850341867,0.0009909880429553016,-0.02633612193492169,-0.05910114554438712,0.004071336208497085,-0.04529716038722558,-0.07106550777380785,-0.02301692079467741,0.7333333333333333,False,-0.01503815954166927,-0.09397882262123981,0.05920265795646685,0.6333333333333333,False,-0.025725981085964945,-0.09128341701837725,0.03248689445320371,0.6333333333333333,False,-0.0973124921501003,-0.13178648787850053,-0.06912489899787437,-0.05456207889655199,-0.12701550274425724,0.00632533887995641,-0.05206210302088664,-0.10564214091870834,-0.007103757584075341,-0.027272733059153443,-0.05269577661058678,-0.00431166953907594,0.7,False,0.020138628363790614,-0.049452379739088066,0.09703207483998544,0.6,False,0.014637643424061661,-0.042686565049918065,0.0798129952863157,0.5333333333333333,False,True,True,True,"robustness configuration: shares data, splits and baseline with the primary configuration of the same dataset, never pooled into primary counts"
FairGNN,GCN,pokec_n,upstreamGCN,robustness,controlled,,same_protocol,False,,complete,30,0.0003611311542458751,-0.00244264089782719,0.0029941465069836686,-0.003948619362685421,-0.012483858169446416,0.006531346514763994,-0.0015448748877228107,-0.01009406252617098,0.00642957134573174,-0.0388088990754935,-0.044437886565568144,-0.03364755721943601,1.0,True,0.025543386390073988,-0.018719050979339943,0.07529416953653298,0.5,False,0.027495170009867034,-0.013033198121063058,0.0708230556455436,0.6,False,-0.038447767921247614,-0.044838828011630576,-0.03235865183164206,0.021594767027388564,-0.026492983708933444,0.0766010468324987,0.025950295122144217,-0.014315909714891006,0.07105445589639887,-0.03844932326636464,-0.04396677286102274,-0.033429468389315535,1.0,True,0.028757706588367248,-0.016086798727322847,0.07760540509499646,0.5333333333333333,False,0.028254994230011335,-0.011624329347714792,0.06975743264388687,0.5666666666666667,False,False,False,False,"robustness configuration: shares data, splits and baseline with the primary configuration of the same dataset, never pooled into primary counts"
FairGNN,GCN,pokec_z,upstreamGCN,robustness,controlled,,same_protocol,False,,complete,30,0.02426242875002273,0.018226176250192537,0.030835566203163738,-0.03625568071479812,-0.05797651609762541,-0.016069368572945466,-0.028718623023473316,-0.048246179264585035,-0.008975531176166127,-0.04537410522630721,-0.05108919847678721,-0.03988661185495547,1.0,True,0.028115864297815787,-0.0028552843979670756,0.06116887270116025,0.7,False,0.029545101070678877,-0.00019845804025196503,0.056878485554438835,0.6333333333333333,False,-0.021111676476284476,-0.02595920337744307,-0.015906625835456205,-0.008139816416982344,-0.0322519856684861,0.0157557145195963,0.0008264780472055669,-0.01966548756675789,0.021803944914264076,-0.043828422200651765,-0.05038956254847809,-0.0373983951849007,1.0,True,0.03609185673486563,0.005040653018749506,0.0667212359522455,0.7,False,0.03363288956336066,0.001984781055654532,0.06161412667367441,0.6666666666666666,False,False,True,False,"robustness configuration: shares data, splits and baseline with the primary configuration of the same dataset, never pooled into primary counts"
FairSIN,GCN,bail,GCN,primary,controlled,,same_protocol,True,,complete,30,0.1078366305908355,0.05747212386634853,0.15795940220610516,-0.03765328195037752,-0.05100496032882223,-0.024510286187749034,-0.009196836201151387,-0.0248647880439256,0.006277644473756758,0.0033323365414344,-0.003992930398543298,0.011844473806120047,0.5666666666666667,False,0.0050636385218032895,0.0007927297091039685,0.010039506938718525,0.7666666666666667,False,-0.005636972188986378,-0.013816321844539417,0.0014564562541606316,0.6,False,0.1111689671322699,0.06290321866527591,0.1597139261458196,-0.03258964342857423,-0.044506275215566084,-0.02096350479931404,-0.014833808390137765,-0.027105600098183365,-0.002037210224196883,0.003018146204308299,-0.0015105120092059388,0.007883202631147971,0.7,False,0.010234903896414856,-0.005649229523393816,0.026012922259262935,0.7,False,0.007890738357335034,-0.006730942421462763,0.02204165095144472,0.7,False,True,True,True,
FairSIN,GCN,bail,GCN,primary,native,systematic,controlled_fixed_reference,False,,complete,30,0.10762764548442429,0.057449463033369785,0.15766309114606455,-0.037774458250517944,-0.0511464791084442,-0.024593830446794345,-0.009474756247481933,-0.024984642307735713,0.005965948528902661,0.0038717935570636926,-0.003800748697219146,0.012798690159323452,0.6,False,0.0052717614646517474,0.0006647627950772174,0.010092843085199503,0.8,False,-0.004596729462794713,-0.011828648912612648,0.0017823674895763304,0.6,False,0.11149943904148799,0.0621631264291815,0.16104853467764402,-0.03250269678586621,-0.044854716051985724,-0.02052287811555256,-0.014071485710276645,-0.02738213953893372,-0.0008525573562157763,0.0021837108515243343,-0.003917585478572324,0.00855905217143748,0.5666666666666667,False,0.010539819860861131,-0.009101513416827741,0.030275862433098624,0.6666666666666666,False,0.011017708143394684,-0.0016484667511960799,0.02400533337514673,0.6666666666666666,False,True,True,True,"native protocol for the method arms only: the baseline is the fixed controlled reference trained at H = 200, so tau_I is a within-protocol contrast while tau_nonint and tau_pkg are measured against that fixed reference and are not a same-protocol B -> M contrast"
FairSIN,GCN,credit,GCN,primary,controlled,,same_protocol,True,,complete,30,0.01942789081099887,0.012434335591383452,0.026366950917208344,0.07295263121835532,0.04724908248029281,0.09849659940863252,0.0718328874182404,0.04418300714531023,0.09923286196105972,-0.04587965452586778,-0.07089475140689115,-0.030503011206454676,0.9666666666666667,True,0.07656166495356928,0.05502304092388726,0.09850948563704924,0.8666666666666667,True,0.058928185504997475,0.03685191032030444,0.08278337696205541,0.9333333333333333,True,-0.026451763714868914,-0.050999287142014016,-0.011612522121533065,0.1495142961719246,0.12222827287391674,0.1774306049659397,0.13076107292323788,0.10182053914681104,0.15960385722884413,-0.018105115408984386,-0.0198105002838429,-0.016492529305409214,1.0,True,0.11747454481156867,0.10832356306666133,0.12777354803692076,1.0,True,0.10046080015143971,0.08474561854954302,0.11614409941186449,1.0,True,False,False,True,
FairSIN,GCN,credit,GCN,primary,native,systematic,controlled_fixed_reference,False,,complete,30,0.01890749321558162,0.011006965632046088,0.02675084433076282,0.06085848760704956,0.03759903997621383,0.08341976696541092,0.059858379260738344,0.03502105543966523,0.08353243943580861,-0.04896310220990192,-0.06595511265878859,-0.03584278126221919,1.0,True,0.08256181375832078,0.0549322500855742,0.10751916418151775,0.9333333333333333,True,0.06674486386581155,0.04106783154093009,0.09044832886372182,0.9333333333333333,True,-0.0300556089943203,-0.047830633308356255,-0.015303514511213175,0.14342030136537035,0.10692523929160318,0.17761739506628893,0.12660324312654989,0.09096511004799347,0.16027954378149556,-0.020070676421244972,-0.023118819562626337,-0.017424834602121318,1.0,True,0.09721059996329331,0.068746647384457,0.11958343668909739,0.9333333333333333,True,0.07607549789402196,0.04453096677925675,0.1043867057582103,0.9333333333333333,True,False,False,False,"native protocol for the method arms only: the baseline is the fixed controlled reference trained at H = 200, so tau_I is a within-protocol contrast while tau_nonint and tau_pkg are measured against that fixed reference and are not a same-protocol B -> M contrast"
FairSIN,GCN,german,GCN,primary,controlled,,same_protocol,True,,complete,30,0.0037130158730158793,-0.0025359365079365166,0.010721396825396825,0.13303380906279094,0.0510891176043005,0.23913041672265575,0.12838551185840769,0.049431180916811174,0.22616501283048684,-0.10966095238095237,-0.156119873015873,-0.060102857142857166,0.9,True,0.17890743199046613,0.08268979502894816,0.2758666299799678,0.9,True,0.13216414412100536,0.054022426506802446,0.21019859943977587,0.8666666666666667,True,-0.10594793650793649,-0.15429876190476188,-0.053826857142857135,0.3119412410532571,0.1695239225924028,0.45122158871966644,0.26054965597941304,0.13150933893607678,0.3886556857530245,-0.04974476190476192,-0.07606184126984127,-0.02525657142857144,0.9,True,0.17809765617085097,0.07976996299286777,0.29148138853876404,0.9,True,0.1597526201497147,0.07673900849228575,0.2572274934138841,0.9666666666666667,True,False,False,False,
FairSIN,GCN,german,GCN,primary,native,systematic,controlled_fixed_reference,False,,complete,30,0.0021257142857142937,-0.006074984126984143,0.010256920634920626,0.14169508502108308,0.07196227734344032,0.21290279555601127,0.15304615610428574,0.07740746199100211,0.22945653488922166,-0.09098793650793653,-0.1292142857142857,-0.057193873015873045,0.9333333333333333,True,0.14931328821287684,0.05675756355659264,0.24154857134367116,0.8333333333333334,True,0.08295821408350572,0.010932574696545249,0.15500404359616182,0.6551724137931034,False,-0.08886222222222223,-0.12573206349206353,-0.05380685714285712,0.2910083732339599,0.15009263331978537,0.4276603257098426,0.2360043701877914,0.10485663832199546,0.36148397688552375,-0.07911111111111113,-0.11159111111111114,-0.04950603174603175,0.9333333333333333,True,0.21047336129713157,0.10012901165152945,0.3199264849442465,0.9666666666666667,True,0.18363967306189616,0.08820561602418744,0.2840942649945615,0.9666666666666667,True,False,False,True,"native protocol for the method arms only: the baseline is the fixed controlled reference trained at H = 200, so tau_I is a within-protocol contrast while tau_nonint and tau_pkg are measured against that fixed reference and are not a same-protocol B -> M contrast"
FairSIN,GCN,pokec_n,GCN,primary,controlled,,same_protocol,True,,complete,30,-0.01211505629581808,-0.020029785576400328,-0.004248489323172119,0.01060935774920733,-0.006777463980786124,0.031606571408553594,0.01170838436902318,-0.006188926781054397,0.03183067338826555,0.0027522852895109696,-0.0019442564466656382,0.009614802353025871,0.6,False,-0.001908624742727676,-0.01827734634291023,0.010588651790492743,0.5,False,-0.0005040255438316973,-0.01262824039144696,0.010793342330507784,0.5666666666666667,False,-0.00936277100630711,-0.016721975478904902,-0.003340630773717729,0.008700733006479654,-0.001545914621334674,0.021032898598229596,0.011204358825191486,-0.0022914442852294144,0.027464927969793555,0.0007400575185051883,-0.0010884765702769876,0.0025083011609673945,0.6666666666666666,False,0.016968883955490992,0.0034511360317575237,0.03396494205957585,0.7666666666666667,True,0.010550854949010617,-0.0016817726575825104,0.024939379016098082,0.6,False,True,True,True,
FairSIN,GCN,pokec_n,GCN,primary,native,systematic,controlled_fixed_reference,False,,complete,30,-0.012115001117473696,-0.020029726876834898,-0.004248489323172119,0.01060935774920733,-0.006777463980786124,0.031606571408553594,0.01170838436902318,-0.006188926781054397,0.03183067338826555,0.0028543026991202703,-0.0017541295638092156,0.009583818435441718,0.6,False,-0.0007153627645720519,-0.01672807210159461,0.01123556777132442,0.5333333333333333,False,0.0005259615061979982,-0.011129691450171774,0.011356084530105177,0.6333333333333333,False,-0.009260698418353426,-0.016283583469909872,-0.0033956606506792136,0.00989399498463528,-0.0007248280436069288,0.022355885695055252,0.012234345875221181,-0.0017874835933144437,0.02861228817650361,0.0006838246261593092,-0.0010982738465522032,0.0023746858059943,0.6666666666666666,False,0.020067995889373982,0.004211174321084582,0.041038919369946164,0.7,False,0.01260472460790785,-0.00014455744511344853,0.027627371651034807,0.6,False,True,True,True,"native protocol for the method arms only: the baseline is the fixed controlled reference trained at H = 200, so tau_I is a within-protocol contrast while tau_nonint and tau_pkg are measured against that fixed reference and are not a same-protocol B -> M contrast"
FairSIN,GCN,pokec_z,GCN,primary,controlled,,same_protocol,True,,complete,30,0.025112853520442648,0.018854719868071308,0.0320254517483783,-0.03369462374795696,-0.05033315524946785,-0.016882883403105255,-0.029517979504022917,-0.047860178317454136,-0.010558977016386037,0.0012218753653554773,-0.0011110372811228971,0.003656516399979563,0.5333333333333333,False,0.01781659615580084,0.010381576838153555,0.02759849609030877,0.8666666666666667,True,0.014248809464120564,0.008237306779462862,0.02119602557630859,0.8666666666666667,True,0.026334728885798128,0.01986716223353347,0.033350782241146855,-0.015878027592156122,-0.037092452221662985,0.006549578126078426,-0.015269170039902354,-0.034833679011971756,0.006851464137343596,-0.0008232441579612337,-0.00283354220602761,0.0007343781206816225,0.5,False,0.017165273197880773,0.007971867224744364,0.02882913642543777,0.8,True,0.013000772394248194,-0.00035831937844796595,0.02969625922677199,0.7,False,True,True,True,
FairSIN,GCN,pokec_z,GCN,primary,native,systematic,controlled_fixed_reference,False,,complete,30,0.025112924691384396,0.018854770689588154,0.032025512935894236,-0.03369462374795696,-0.05033315524946785,-0.016882883403105255,-0.029517979504022917,-0.047860178317454136,-0.010558977016386037,0.0012626292153814019,-0.0010658231924471565,0.0036815873165841257,0.5333333333333333,False,0.01639795378684522,0.007789330366882201,0.02683567749999647,0.8333333333333334,True,0.013890699881817426,0.007907229946911114,0.020875771567353985,0.8666666666666667,True,0.0263755539067658,0.019917343769568555,0.033358321535523885,-0.01729666996111174,-0.04081715207892949,0.006308592699745069,-0.015627279622205496,-0.035498107521388135,0.006749492604665473,-0.0008224818773456711,-0.002833945394628835,0.0007361907041024254,0.5,False,0.017168121698590225,0.007977434083577435,0.02882913642543777,0.8,True,0.012934238794780461,-0.0004228844414774485,0.029664017675721712,0.7,False,True,True,True,"native protocol for the method arms only: the baseline is the fixed controlled reference trained at H = 200, so tau_I is a within-protocol contrast while tau_nonint and tau_pkg are measured against that fixed reference and are not a same-protocol B -> M contrast"
FairSIN,GIN,bail,GIN,robustness,controlled,,same_protocol,False,,complete,30,0.10971393794406024,0.05393195860552192,0.1632571677978947,-0.036134441283050926,-0.05247809182517988,-0.018859416803282385,-0.016873969575079212,-0.03319178622695785,-0.0014379756513915904,0.00662164776907388,-0.008399857713217794,0.024222537713554534,0.5333333333333333,False,0.00024102766412774045,-0.008858769000315058,0.009053222502608498,0.6,False,-0.010675606368361493,-0.020100287560076962,-0.0002780645035095313,0.7,False,0.11633558571313414,0.06655473221373771,0.16440328548477126,-0.035893413618923196,-0.04846878817427041,-0.02307630241619845,-0.027549575943440704,-0.0430642068161742,-0.016759104412107394,-0.0017992412647101794,-0.007351812024817885,0.0032932338237829754,0.5,False,-0.0001860472628712607,-0.006926290561339383,0.006044134062581522,0.6,False,-0.0054064205495401195,-0.01578176036343806,0.0038488873448908343,0.5666666666666667,False,True,True,True,"robustness configuration: shares data, splits and baseline with the primary configuration of the same dataset, never pooled into primary counts"
FairSIN,GIN,bail,GIN,robustness,native,systematic,controlled_fixed_reference,False,,complete,30,0.11021174717020793,0.0543633076246481,0.16376022819774413,-0.03695324588413259,-0.05343508865506663,-0.019303050170323077,-0.017300911990312712,-0.03349311443432411,-0.0017727696958690963,0.004201812668938054,-0.008220354178082243,0.018192310238372925,0.5666666666666667,False,0.002953822745287371,-0.005186595265232269,0.010921812028063785,0.6,False,-0.00808130617620361,-0.01643867658365486,0.00026223303658351,0.6333333333333333,False,0.114413559839146,0.06434854619208913,0.16308198712218847,-0.03399942313884522,-0.04591218100810495,-0.021741492787613288,-0.025382218166516323,-0.03868442381948478,-0.012224901075680599,-0.0026808536365111714,-0.007704259353007505,0.0018680700482592051,0.6333333333333333,False,-0.002622538130050501,-0.01010905012455625,0.005137823136478766,0.6333333333333333,False,-0.008001138256541718,-0.019812598497206884,0.0033429449397243288,0.6333333333333333,False,True,True,True,"native protocol for the method arms only: the baseline is the fixed controlled reference trained at H = 200, so tau_I is a within-protocol contrast while tau_nonint and tau_pkg are measured against that fixed reference and are not a same-protocol B -> M contrast; robustness configuration: shares data, splits and baseline with the primary configuration of the same dataset, never pooled into primary counts"
FairSIN,GIN,credit,GIN,robustness,controlled,,same_protocol,False,,complete,30,0.00625465052269029,-0.0021727257488538976,0.015144939921722445,0.11388145714653136,0.085658532334186,0.13899428374938302,0.1127618474275356,0.08423293745893891,0.13852088414932254,-0.03454253545078118,-0.04975191638255717,-0.024372442115773312,1.0,True,0.06049274789960298,0.04591178022439678,0.07738236238611523,1.0,True,0.03583459098939653,0.018827986158699645,0.05353415742110643,1.0,True,-0.02828788492809089,-0.04380599886338999,-0.015997321199173454,0.17437420504613435,0.15160736257918095,0.19730994631942073,0.14859643841693213,0.12124983004698886,0.1752305785270274,-0.034885807706375546,-0.03870369940383529,-0.030802660350951125,1.0,True,-0.04958819249850907,-0.13133734630407437,0.016910955379887894,0.6,False,-0.055324931782494265,-0.1448358361636907,0.007845944319060747,0.6333333333333333,False,False,True,True,"robustness configuration: shares data, splits and baseline with the primary configuration of the same dataset, never pooled into primary counts"
FairSIN,GIN,credit,GIN,robustness,native,systematic,controlled_fixed_reference,False,,complete,30,0.007533888896972633,-7.788515065208752e-05,0.01535520451945754,0.12056568164679192,0.09532757987683205,0.1435443478621139,0.11765959244596118,0.09179776561371265,0.14167400278191716,-0.029047355207692763,-0.035041855435190214,-0.024285610056903786,1.0,True,0.053808523399342424,0.039747491648384224,0.0691926494299318,1.0,True,0.030936845970970923,0.015903438921472012,0.04764813023245123,1.0,True,-0.021513466310720132,-0.030221513784500987,-0.013760487852063349,0.17437420504613435,0.15160736257918095,0.19730994631942073,0.14859643841693213,0.12124983004698886,0.1752305785270274,-0.03695342179573031,-0.03998270584321502,-0.03391186510679823,1.0,True,0.002569774698490225,-0.03264506480808858,0.028176060248019538,0.8,False,0.0011757728112924064,-0.04220347249572929,0.029880287838181332,0.8666666666666667,False,False,True,True,"native protocol for the method arms only: the baseline is the fixed controlled reference trained at H = 200, so tau_I is a within-protocol contrast while tau_nonint and tau_pkg are measured against that fixed reference and are not a same-protocol B -> M contrast; robustness configuration: shares data, splits and baseline with the primary configuration of the same dataset, never pooled into primary counts"
FairSIN,GIN,german,GIN,robustness,controlled,,same_protocol,False,,complete,30,0.011304126984126979,-0.007404476190476214,0.03659273015873012,0.27214397577158744,0.15835948940555622,0.38711041842415367,0.2542490335968903,0.1352581271858625,0.36988691600177304,-0.002854603174603165,-0.013791047619047618,0.00859434920634922,0.5333333333333333,False,0.0013284817005857327,-0.026310540546647287,0.03207605686921531,0.6551724137931034,False,-0.009252633588896556,-0.028738442937754315,0.007015646147347799,0.6071428571428571,False,0.008449523809523815,-0.018266952380952377,0.043603873015873,0.2734724574721731,0.14677761951767226,0.4002146485149825,0.24499640000799372,0.1241177130960245,0.3633477939034655,-0.010364444444444438,-0.017574666666666662,-0.004805015873015869,0.8,True,-0.021136730904774418,-0.09037296233240795,0.04645441500185373,0.5517241379310345,False,-0.02121875434570991,-0.08478600752268994,0.03933488284202567,0.5666666666666667,False,True,True,True,"robustness configuration: shares data, splits and baseline with the primary configuration of the same dataset, never pooled into primary counts"
FairSIN,GIN,german,GIN,robustness,native,systematic,controlled_fixed_reference,False,,complete,30,0.01166476190476191,-0.00697015873015872,0.036119428571428566,0.27016931257326837,0.1549709097635116,0.38529290212502604,0.24884875348484548,0.131346312984118,0.3620217129671017,-0.00898031746031746,-0.03114926984126986,0.013463111111111122,0.6,False,0.03527609979045831,0.005435039894539559,0.06661843721608893,0.7241379310344828,False,0.004169381162630531,-0.02371230392156862,0.02790793183940237,0.5357142857142857,False,0.0026844444444444524,-0.033637365079365086,0.04786815873015877,0.3054454123637267,0.17447161690908428,0.4343107517517794,0.253018134647476,0.13110895939758885,0.3721454990240776,-0.01090793650793651,-0.022059936507936515,-0.001061523809523809,0.8,True,0.01934013775832111,-0.06683285847981436,0.10330010936704613,0.5333333333333333,False,0.008419492897631857,-0.07856562562525009,0.0862189802587702,0.5172413793103449,False,True,True,True,"native protocol for the method arms only: the baseline is the fixed controlled reference trained at H = 200, so tau_I is a within-protocol contrast while tau_nonint and tau_pkg are measured against that fixed reference and are not a same-protocol B -> M contrast; robustness configuration: shares data, splits and baseline with the primary configuration of the same dataset, never pooled into primary counts"
FairSIN,GIN,pokec_n,GIN,robustness,controlled,,same_protocol,False,,complete,30,-0.028586684650619434,-0.0356876612956449,-0.022482189429712297,0.006124939549265504,-0.03641337928657519,0.053034968154696105,0.022919188535910337,-0.018204540273805987,0.06850992880975895,0.005317402141658615,-0.0035915677151848566,0.016313924917369563,0.6,False,0.006789535548717904,-0.008174626946406683,0.025823683518248722,0.5,False,0.0008290845287196905,-0.020546565928526304,0.01999944619129152,0.5666666666666667,False,-0.02326928250896082,-0.03026344462707391,-0.015780396212225642,0.012914475097983404,-0.026830603549181868,0.05584004892216397,0.023748273064630024,-0.008969233339434966,0.05915435670147733,0.005049740134731336,0.0016403042334379803,0.008537083176071072,0.6666666666666666,False,0.002764384189950748,-0.01832430314608295,0.024906016000876406,0.5666666666666667,False,-0.002090155857172588,-0.02173048061943984,0.016225028290260707,0.5666666666666667,False,True,False,True,"robustness configuration: shares data, splits and baseline with the primary configuration of the same dataset, never pooled into primary counts"
FairSIN,GIN,pokec_n,GIN,robustness,native,systematic,controlled_fixed_reference,False,,complete,30,-0.029189582645045474,-0.03579005183827122,-0.02334690804804728,-0.0007202447249174571,-0.04043249357132041,0.04258116911839494,0.016382189171370336,-0.022020477347527195,0.05715657025377771,0.007805258287630364,0.00038223521196350055,0.017172657197852517,0.6666666666666666,False,0.014743816585292613,-0.00253484149846734,0.03182386022140933,0.7,False,0.006587111920516275,-0.008809909710371627,0.021535932061454054,0.6333333333333333,False,-0.02138432435741511,-0.027413057955294504,-0.015241984462329166,0.014023571860375148,-0.026397480191830566,0.05517065175896642,0.02296930109188661,-0.011934586234317117,0.05857839469250096,0.004202303722942716,0.0007036660051928638,0.008232860264400734,0.7333333333333333,False,0.0002684954797303472,-0.015231198966683188,0.014187141023479743,0.5333333333333333,False,0.005864892755469534,-0.01030183595689568,0.0222969831065368,0.6333333333333333,False,True,False,True,"native protocol for the method arms only: the baseline is the fixed controlled reference trained at H = 200, so tau_I is a within-protocol contrast while tau_nonint and tau_pkg are measured against that fixed reference and are not a same-protocol B -> M contrast; robustness configuration: shares data, splits and baseline with the primary configuration of the same dataset, never pooled into primary counts"
FairSIN,GIN,pokec_z,GIN,robustness,controlled,,same_protocol,False,,complete,30,0.0043002810900655535,-0.007148713033188339,0.014251853656292581,0.022556853362704708,-0.016488300555087265,0.061809291110353694,0.02006088390706624,-0.016934652018064895,0.05628902489890137,0.0053110724249815925,-0.00220515838472668,0.013926776209073932,0.5666666666666667,False,0.004171211573977173,-0.01016040148007352,0.019262728958206878,0.5333333333333333,False,0.004978678147003007,-0.007730843378086347,0.01743106623971851,0.6,False,0.009611353515047145,0.0026346110528287733,0.016414204710552785,0.02672806493668188,-0.004822138564599597,0.060533637980243,0.02503956205406925,-0.007546277905418728,0.05968372591528403,0.006785152229125317,0.002357893827337459,0.01296338765660421,0.7333333333333333,False,-0.00314171223524888,-0.02133288024857619,0.01555865128401876,0.5666666666666667,False,-0.00022007633582881735,-0.016212045612044406,0.01367586499090821,0.5666666666666667,False,False,True,True,"robustness configuration: shares data, splits and baseline with the primary configuration of the same dataset, never pooled into primary counts"
FairSIN,GIN,pokec_z,GIN,robustness,native,systematic,controlled_fixed_reference,False,,complete,30,0.004414984383148194,-0.004750248821289256,0.01356665567360166,0.030458364955846053,-0.005363085676665963,0.06545534875010312,0.025075440055501122,-0.01253737482055201,0.06272603013214324,0.008126674183076348,0.0028492820948129685,0.01420259256504399,0.6666666666666666,False,-0.008738490782655687,-0.024790743006359344,0.006095305228708432,0.5666666666666667,False,-0.002026899267642952,-0.014571979521372999,0.009078596995280469,0.5666666666666667,False,0.012541658566224542,0.004954886836841405,0.01975659581601207,0.021719874173190372,-0.008677852863743354,0.05331848404621355,0.023048540787858177,-0.009645551298412153,0.05746763158206238,0.006857701059190298,0.002228306834434404,0.012583859333688633,0.8666666666666667,False,-0.004416467368461404,-0.02474975761753365,0.016023828789438293,0.6,False,-0.00405618435346363,-0.023284606672710068,0.015345422341339062,0.5666666666666667,False,False,True,True,"native protocol for the method arms only: the baseline is the fixed controlled reference trained at H = 200, so tau_I is a within-protocol contrast while tau_nonint and tau_pkg are measured against that fixed reference and are not a same-protocol B -> M contrast; robustness configuration: shares data, splits and baseline with the primary configuration of the same dataset, never pooled into primary counts"
FairSIN,SAGE,bail,SAGE,robustness,controlled,,same_protocol,False,,complete,30,0.10561278977754517,0.0563603327620434,0.15346462917747,-0.03199975494437541,-0.07661394416792766,0.009228267044957196,-0.03680107230123199,-0.07041629932795668,-0.008213576118119133,0.013057227717013635,0.0019957526811979934,0.025719937333485352,0.7333333333333333,False,-0.00240061148278458,-0.012776542670874842,0.007108463481032298,0.5666666666666667,False,-0.004977227658259668,-0.013970977472419226,0.004644723395465379,0.6666666666666666,False,0.11867001749455879,0.07110739450587182,0.16567089555470352,-0.03440036642716,-0.08217767456394151,0.010834188899303666,-0.04177829995949167,-0.07831582903368153,-0.014605369294533679,-0.0006114709255636619,-0.007158132425238678,0.004323141869570955,0.5,False,0.000494573255477019,-0.013659236498243533,0.013778575125889855,0.5,False,-0.0037262945348308426,-0.021287870175524685,0.008149533543531024,0.6,False,True,True,True,"robustness configuration: shares data, splits and baseline with the primary configuration of the same dataset, never pooled into primary counts"
FairSIN,SAGE,bail,SAGE,robustness,native,systematic,controlled_fixed_reference,False,,complete,30,0.10663789745402896,0.056870076705783264,0.15543292830929806,-0.03126248940843165,-0.07612694835633649,0.009741124470893963,-0.03672646488903054,-0.07046362905260285,-0.00842756973873239,0.011077352199294085,-0.0005762965437404629,0.02642580414895014,0.6333333333333333,False,-0.0034206464700712305,-0.011880510697707727,0.005325656611182077,0.6666666666666666,False,-0.0010277055833822029,-0.016331230002788986,0.01140404094781766,0.6,False,0.11771524965332306,0.07121556061668191,0.16328562866191879,-0.03468313587850288,-0.08355992585105224,0.0091826799011755,-0.03775417047241273,-0.08197553293690639,-0.007440545835067738,0.00086713880037023,-0.005124154958985456,0.005545499867221992,0.5333333333333333,False,-0.0018617816204766504,-0.01035964780258457,0.00718900557667073,0.5333333333333333,False,-0.002684174019895876,-0.020449155625717627,0.01096001343657116,0.5333333333333333,False,True,True,True,"native protocol for the method arms only: the baseline is the fixed controlled reference trained at H = 200, so tau_I is a within-protocol contrast while tau_nonint and tau_pkg are measured against that fixed reference and are not a same-protocol B -> M contrast; robustness configuration: shares data, splits and baseline with the primary configuration of the same dataset, never pooled into primary counts"
FairSIN,SAGE,credit,SAGE,robustness,controlled,,same_protocol,False,,complete,30,0.029086583767267457,0.02246784945383245,0.03536144268256473,0.08245840474003083,0.0512631716592931,0.11094243091023658,0.08671362895959304,0.058197766188367174,0.11356934561998487,-0.013969538080959095,-0.017042156417379897,-0.010570431251347368,0.9666666666666667,True,-0.04939466196833363,-0.08824233684502365,-0.012591379912325902,0.5666666666666667,False,-0.03830089815519702,-0.07029061325579374,-0.008477390894458842,0.6333333333333333,False,0.015117045686308362,0.008833546271417275,0.021397938434965534,0.033063742771697206,-0.013763242011984244,0.07365698387318723,0.04841273080439604,0.00457248299462068,0.08665567642732995,-0.008975536741395288,-0.010597369497015502,-0.007478923721950983,1.0,False,-0.019555510789817966,-0.05653975848226877,0.013027108603485441,0.5333333333333333,False,-0.03345170529160314,-0.07489503290794824,0.004117293855956206,0.5333333333333333,False,True,True,True,"robustness configuration: shares data, splits and baseline with the primary configuration of the same dataset, never pooled into primary counts"
FairSIN,SAGE,credit,SAGE,robustness,native,systematic,controlled_fixed_reference,False,,complete,30,0.029510702148905683,0.02354549722594847,0.03532585864846465,0.06676025300251846,0.04013066555348864,0.09486304059794531,0.07237585704031288,0.04702592719194415,0.09919367267876361,-0.015536198579894503,-0.02030096275429895,-0.011589086935668508,1.0,True,-0.025383226909122217,-0.07027871072501313,0.016119201348754848,0.5666666666666667,False,-0.020152974672961985,-0.05479215904858188,0.011876640408918688,0.5666666666666667,False,0.01397450356901118,0.006134123963899386,0.021566122327403865,0.041377026093396246,-0.006643113401202025,0.0900120185757869,0.052222882367350905,0.011308986815914183,0.09575939376102505,-0.009210056724896172,-0.010792270879877264,-0.007525666774576158,1.0,False,-0.007642806148945773,-0.03692573297222329,0.020438848451584682,0.5666666666666667,False,-0.010756640400438423,-0.043930253700508154,0.01909579797758926,0.6,False,True,True,True,"native protocol for the method arms only: the baseline is the fixed controlled reference trained at H = 200, so tau_I is a within-protocol contrast while tau_nonint and tau_pkg are measured against that fixed reference and are not a same-protocol B -> M contrast; robustness configuration: shares data, splits and baseline with the primary configuration of the same dataset, never pooled into primary counts"
FairSIN,SAGE,german,SAGE,robustness,controlled,,same_protocol,False,,complete,30,0.009010793650793662,-0.017772857142857132,0.032199555555555544,0.22498540098371414,0.10625969367064299,0.328943159857739,0.18462134315901305,0.08075433737295154,0.2821417961253651,-0.015032380952380957,-0.04992800000000003,0.015779873015872997,0.6333333333333333,False,0.004527492260862148,-0.050592511161790546,0.05527503297873214,0.5517241379310345,False,0.013744389771274925,-0.036680894682341,0.06145301898537186,0.6333333333333333,False,-0.006021587301587294,-0.04239885714285714,0.029815396825396825,0.22951289324457633,0.09805981498564859,0.3558128679079766,0.19836573293028795,0.07628493642285519,0.315139908823902,-0.0018463492063491996,-0.03296552380952381,0.023964698412698444,0.5666666666666667,False,0.024143076803195176,-0.057148624930529184,0.11577553776310483,0.6206896551724138,False,0.03931610464516774,-0.03530273347163927,0.12275368347338932,0.6206896551724138,False,False,True,True,"robustness configuration: shares data, splits and baseline with the primary configuration of the same dataset, never pooled into primary counts"
FairSIN,SAGE,german,SAGE,robustness,native,systematic,controlled_fixed_reference,False,,complete,30,0.009010793650793662,-0.017772857142857132,0.032199555555555544,0.22498540098371414,0.10625969367064299,0.328943159857739,0.18462134315901305,0.08075433737295154,0.2821417961253651,-0.023014603174603188,-0.05437980952380954,0.005677777777777757,0.6,False,0.015799809622661875,-0.03316931381392468,0.06439979005299817,0.6333333333333333,False,0.01446621865058078,-0.026883329593066566,0.05946686708459975,0.5666666666666667,False,-0.014003809523809526,-0.04423504761904764,0.015815365079365075,0.240785210606376,0.10965905600683559,0.3683004661371605,0.19908756180959383,0.0775992894935752,0.3203951801358841,-0.007476825396825393,-0.04039422222222221,0.022583301587301596,0.5333333333333333,False,0.044765020143518526,0.007514808236736597,0.0902354708353676,0.5666666666666667,False,0.05487090772479202,0.01126870192521451,0.10667680427593615,0.5333333333333333,False,False,True,True,"native protocol for the method arms only: the baseline is the fixed controlled reference trained at H = 200, so tau_I is a within-protocol contrast while tau_nonint and tau_pkg are measured against that fixed reference and are not a same-protocol B -> M contrast; robustness configuration: shares data, splits and baseline with the primary configuration of the same dataset, never pooled into primary counts"
FairSIN,SAGE,pokec_n,SAGE,robustness,controlled,,same_protocol,False,,complete,30,-0.03251347487286933,-0.04000298717044142,-0.02590037173340363,0.02458538883820963,-0.017943442000931082,0.06840652068643563,0.023773292153747506,-0.025146793244580638,0.07033415320804934,-0.00012771069823162747,-0.006663082234551252,0.006282444877425529,0.6,False,0.0019621394150995354,-0.014932755920487274,0.0189672734893712,0.5333333333333333,False,0.009849867982795257,-0.00889891193813469,0.031463216885530935,0.6333333333333333,False,-0.032641185571100954,-0.03919380956435432,-0.026412824412218136,0.026547528253309163,-0.01550008812167199,0.07529338792884611,0.03362316013654276,-0.014795030818733176,0.08496462629194135,-0.004077805691336049,-0.007472152880209216,-0.00040234317512175,0.7333333333333333,False,-0.00757879154681901,-0.0255575337015218,0.010679735157087733,0.5925925925925926,False,-0.009084382175968896,-0.028748813294074325,0.009905693781062992,0.5384615384615384,False,True,True,True,"robustness configuration: shares data, splits and baseline with the primary configuration of the same dataset, never pooled into primary counts"
FairSIN,SAGE,pokec_n,SAGE,robustness,native,systematic,controlled_fixed_reference,False,,complete,30,-0.03252499453588632,-0.03997420122444865,-0.025966211127775436,0.02460802326012946,-0.018735304749925727,0.06908839280529624,0.023654463242917572,-0.025702862497011432,0.07077274128533902,-0.00014188858418080115,-0.006697887872524985,0.006362027157773758,0.6666666666666666,False,0.0023061758144809256,-0.014504688406415804,0.018975929877860377,0.5333333333333333,False,0.010487929304130606,-0.008166044672565887,0.03158511251455486,0.6333333333333333,False,-0.032666883120067124,-0.039280471249116586,-0.026397029449976166,0.026914199074610384,-0.014909613887683,0.07550988745094193,0.03414239254704818,-0.013525726896895579,0.08500910448162884,-0.00407766801342991,-0.007472058619736261,-0.00040205552831811784,0.7333333333333333,False,-0.0076258061213371085,-0.025610233132626368,0.010630820202096202,0.5925925925925926,False,-0.009084382175968896,-0.028748813294074325,0.009905693781062992,0.5384615384615384,False,True,True,True,"native protocol for the method arms only: the baseline is the fixed controlled reference trained at H = 200, so tau_I is a within-protocol contrast while tau_nonint and tau_pkg are measured against that fixed reference and are not a same-protocol B -> M contrast; robustness configuration: shares data, splits and baseline with the primary configuration of the same dataset, never pooled into primary counts"
FairSIN,SAGE,pokec_z,SAGE,robustness,controlled,,same_protocol,False,,complete,30,-0.015357614639438744,-0.027543355604915547,-0.0025318098873912103,0.04142326858810787,0.002366363561589274,0.08075418573659376,0.036260850660263765,0.002676368036380055,0.07096133381964129,-0.0028323524916814002,-0.006572355124722652,0.0008922842176877124,0.6,False,-0.003426633735740707,-0.011812785617840443,0.003967472330479731,0.5333333333333333,False,-0.004007303656210586,-0.010767011743475108,0.002562604057296054,0.6206896551724138,False,-0.018189967131120144,-0.02892096170068469,-0.007180987142202624,0.03799663485236716,0.00197891469024361,0.07445598190110793,0.03225354700405317,0.0019360149568158449,0.06371801061359857,0.0016881571378402035,-0.0008406087138069136,0.004856659756285692,0.5,False,0.0098857724947733,-0.004411361176156396,0.027217079131883856,0.6818181818181818,False,0.009092706876275218,-0.0013513317822808157,0.022692056715433846,0.6363636363636364,False,True,True,True,"robustness configuration: shares data, splits and baseline with the primary configuration of the same dataset, never pooled into primary counts"
FairSIN,SAGE,pokec_z,SAGE,robustness,native,systematic,controlled_fixed_reference,False,,complete,30,-0.015415745706274948,-0.027606528484380607,-0.0025435145531249163,0.04147493314294685,0.0023437322557691913,0.08073039594445851,0.036495874625002464,0.002907067378460025,0.07108960192912163,-0.0032610357990048968,-0.006611014204585816,-0.00015203248251435982,0.6333333333333333,False,-0.003461331373382784,-0.011883948935953324,0.003926423184004784,0.5333333333333333,False,-0.003509262916457046,-0.010805265520622704,0.0036586595040402703,0.5862068965517241,False,-0.018676781505279846,-0.02958170538851881,-0.00751745271769108,0.038013601769564066,0.001914548675967984,0.07449319783939369,0.03298661170854541,0.0024702590982546894,0.06405257016166438,0.0016885842721318914,-0.0008394824069833522,0.004856495392340721,0.5,False,0.0098857724947733,-0.004411361176156396,0.027217079131883856,0.6818181818181818,False,0.009092706876275218,-0.0013513317822808157,0.022692056715433846,0.6363636363636364,False,True,True,True,"native protocol for the method arms only: the baseline is the fixed controlled reference trained at H = 200, so tau_I is a within-protocol contrast while tau_nonint and tau_pkg are measured against that fixed reference and are not a same-protocol B -> M contrast; robustness configuration: shares data, splits and baseline with the primary configuration of the same dataset, never pooled into primary counts"
FairVGNN,GCN,bail,default,primary,controlled,,same_protocol,True,,complete,30,0.11368471555143321,0.06577196311053668,0.16243437714919304,-0.029702337571509287,-0.04088219029388956,-0.018930733166502636,-0.00680779786838277,-0.019217905517492043,0.00479053791686898,-0.04213808928704445,-0.062323884313722495,-0.026824069306947144,1.0,True,0.006893771339994484,-0.002756453659066201,0.01651663449996371,0.6666666666666666,False,-0.0054177356661364645,-0.011927240429787583,0.0010499453272957823,0.6333333333333333,False,0.07154662626438876,0.02330434720844698,0.11798666108450445,-0.022808566231514803,-0.038574564548723135,-0.007017315738093412,-0.012225533534519233,-0.027643348960826382,0.0022720718464986824,-0.05728458134485149,-0.07727833377784006,-0.04226808549119967,1.0,True,0.00045102040589101026,-0.017220286460176742,0.018705492191535767,0.5,False,-0.008331371907159291,-0.016665035039609182,-0.0006215883176951197,0.6,False,True,True,True,
FairVGNN,GCN,bail,default,primary,native,targeted,controlled_fixed_reference,False,,complete,30,0.11366687469834767,0.06577195043539977,0.16238079352606938,-0.029822616541119448,-0.04112490732113085,-0.018985766601123742,-0.006989016733360244,-0.019372992573957557,0.00468892475551893,-0.0265565929078926,-0.03906145729062393,-0.01756144794769286,0.9333333333333333,True,0.0031596527795047383,-0.005685342115111214,0.012063531844176004,0.5666666666666667,False,-0.004224539656876114,-0.01166942387017694,0.0036000664652390793,0.6333333333333333,False,0.08711028179045507,0.04047098377365643,0.13301176271837584,-0.02666296376161471,-0.04333772431167358,-0.01061350893062979,-0.011213556390236355,-0.02845788847728715,0.005774729072430592,-0.03645695580902002,-0.05109848244970251,-0.025538389593722146,1.0,True,-0.0016394289043615768,-0.014664026660020932,0.010872434690604884,0.5,False,-0.002895376314762196,-0.008467924687882789,0.0024926943998706667,0.5666666666666667,False,True,True,True,"native protocol for the method arms only: the baseline is the fixed controlled reference trained at H = 200, so tau_I is a within-protocol contrast while tau_nonint and tau_pkg are measured against that fixed reference and are not a same-protocol B -> M contrast"
FairVGNN,GCN,credit,default,primary,controlled,,same_protocol,True,,complete,30,0.01294310789054406,0.005538151451135085,0.020463820571719433,0.03884063160321855,0.014014933939953175,0.061453602289905165,0.047750267186455427,0.020787604576901327,0.07228117511712932,-0.011991887558647196,-0.01588722491720773,-0.008962761273334813,1.0,True,-0.00013312788501763096,-0.04062605295153171,0.03295973086572659,0.5333333333333333,False,-0.01385562841854202,-0.059914218234453254,0.02077670631141013,0.5333333333333333,False,0.0009512203318968627,-0.005783537546124247,0.008246757546621644,0.03870750371820091,0.0030480348518713745,0.0702032369888987,0.033894638767913404,-0.007031680051526784,0.0680939699302334,-0.021833264724632817,-0.0334615029082418,-0.0164485297408311,1.0,True,-0.032217617058758675,-0.08407533027686014,0.017467674757594136,0.5333333333333333,False,-0.035701857066526885,-0.09855390188160966,0.024822741910708435,0.5,False,True,True,True,
FairVGNN,GCN,credit,default,primary,native,targeted,controlled_fixed_reference,False,,complete,30,0.008914019383875638,0.0024642805630433404,0.015802997245641895,0.10402239493070245,0.08170849565074219,0.12583222440465539,0.10197539835338933,0.07800558161866132,0.12578465581578108,-0.01812627592145578,-0.02641274369891261,-0.011366646787514978,0.9333333333333333,True,0.03194704861142296,0.013828328299216685,0.0500189450246162,0.8,True,0.020023331103441566,0.0035915193802339997,0.03775667777593863,0.7,False,-0.009212256537580144,-0.018676695456177672,0.0002930632510300483,0.1359694435421254,0.1118836670215373,0.16025522940275966,0.12199872945683093,0.09442395584945965,0.14977102393875913,-0.01593374033479877,-0.022049906285227745,-0.010573055375047073,1.0,True,-0.02582217106974055,-0.07493444399621946,0.029587032660089784,0.6666666666666666,False,-0.037019307051316966,-0.09460289739805867,0.025937648301480973,0.6666666666666666,False,False,True,True,"native protocol for the method arms only: the baseline is the fixed controlled reference trained at H = 200, so tau_I is a within-protocol contrast while tau_nonint and tau_pkg are measured against that fixed reference and are not a same-protocol B -> M contrast"
FairVGNN,GCN,german,default,primary,controlled,,same_protocol,True,,complete,30,-0.0428926984126984,-0.07788177777777776,-0.009480095238095244,0.04559348515543229,-0.05949467454706842,0.1665994535938338,0.017190649876972074,-0.0928311597676896,0.14948969743452922,0.012540952380952375,-0.01662596825396825,0.03803999999999996,0.6333333333333333,False,-0.0028977891748784984,-0.11017069196887114,0.1032608714638966,0.6,False,-0.002549478763136451,-0.11736615931715477,0.11435089355097831,0.5,False,-0.030351746031746032,-0.060434349206349214,0.003474126984126967,0.0426956959805538,-0.03181350258142067,0.12473380729317485,0.014641171113835616,-0.0575851189772599,0.09362260734213891,-0.008223492063492066,-0.03466012698412697,0.015372761904761887,0.5333333333333333,False,-0.06279553415345118,-0.17734553929723937,0.04559609389212559,0.6666666666666666,False,-0.07265702090528883,-0.19620712885154062,0.047042865859257224,0.6666666666666666,False,True,True,True,
FairVGNN,GCN,german,default,primary,native,targeted,controlled_fixed_reference,False,,complete,30,-0.0003784126984126927,-0.013476920634920647,0.013508952380952373,0.13231059531115033,0.06487852095086082,0.20304030257751784,0.12407997517564945,0.055576215785812,0.19649440468149434,-0.14089142857142858,-0.1792982857142857,-0.09879295238095234,0.9333333333333333,True,0.19028410555557157,0.08674609253282986,0.29113178445590326,0.9310344827586207,True,0.14933964373574485,0.06868013890100955,0.2283814954239674,0.9285714285714286,True,-0.14126984126984127,-0.17724990476190483,-0.10220304761904764,0.3225947008667219,0.18442713392985216,0.45683634340543944,0.2734196189113943,0.14746604942287192,0.39469296532309744,-0.04108825396825397,-0.07728863492063491,-0.011945333333333343,0.7666666666666667,True,0.16559994187278437,0.06156823329974036,0.2770200951954204,0.8620689655172413,True,0.1563776067992209,0.0645325245653817,0.2515146821920257,0.9629629629629629,True,False,False,False,"native protocol for the method arms only: the baseline is the fixed controlled reference trained at H = 200, so tau_I is a within-protocol contrast while tau_nonint and tau_pkg are measured against that fixed reference and are not a same-protocol B -> M contrast"
FairVGNN,GCN,bail,GCNspmm,robustness,controlled,,same_protocol,False,,complete,30,0.11298918056690739,0.06560887029039746,0.15942402822674862,-0.034797110236639915,-0.05006696591256336,-0.020075756664733848,-0.01722656181100279,-0.031886038386788766,-0.0012790128902124423,-0.04081154293947362,-0.058711119695128364,-0.02732313664008046,0.9666666666666667,True,0.008108139796816537,-0.0023151625145326625,0.018091869838126756,0.6333333333333333,False,-0.0033673893856575694,-0.012444231598772,0.005715789196862666,0.5333333333333333,False,0.07217763762743376,0.02373183788401043,0.118553339112558,-0.026688970439823385,-0.04414800525386268,-0.008181136796998625,-0.020593951196660364,-0.040300406063044504,0.000308027213430131,-0.057481554566799216,-0.07967815172779812,-0.04206095517982302,1.0,True,-0.003806747223141797,-0.02400842685610999,0.017133169977840902,0.5666666666666667,False,-0.003452955921401434,-0.018138794999010475,0.011011514823569117,0.5,False,True,True,True,"robustness configuration: shares data, splits and baseline with the primary configuration of the same dataset, never pooled into primary counts"
FairVGNN,GCN,german,GCNspmm,robustness,controlled,,same_protocol,False,,complete,30,-0.04347174603174602,-0.07307165079365079,-0.015432317460317445,0.06496958073851311,-0.01696329883230712,0.14538541220464946,0.04345144483325245,-0.039918430289225634,0.134980589569161,0.02267428571428571,0.010372000000000003,0.037015936507936505,0.8666666666666667,True,0.046062953301798264,-0.014340120221842985,0.11691299462315327,0.6,False,0.0637736724477025,0.004359422781080548,0.14019735771436237,0.7,False,-0.020797460317460315,-0.044741714285714294,0.004547428571428579,0.11103253404031138,0.04104452280490276,0.1826014862353289,0.10722511728095493,0.03482402817524765,0.18466794658687952,-0.0025777777777777787,-0.01595942857142857,0.010458857142857134,0.5,False,-0.0011343162126442531,-0.07559149685185343,0.06850233924553574,0.5172413793103449,False,0.0029350293663564725,-0.07556628598868625,0.08294522055335135,0.5333333333333333,False,True,True,False,"robustness configuration: shares data, splits and baseline with the primary configuration of the same dataset, never pooled into primary counts"
FairVGNN,GIN,credit,GIN,robustness,controlled,,same_protocol,False,,complete,30,0.004203719922807392,-0.002720838791156312,0.011531817934145755,0.07174445105458327,0.035584068761038715,0.10489058657320577,0.06370145131677152,0.027962661797198862,0.09602747344456798,-0.0721500308713353,-0.09830639040080859,-0.04908208726586399,1.0,True,0.0961371352568849,0.06494525457100807,0.12938048221662932,1.0,True,0.08008267625661736,0.05084625898267981,0.11307447506458078,0.9666666666666667,True,-0.06794631094852792,-0.09423246110330426,-0.04497722733786168,0.16788158631146818,0.14489654585149045,0.19136438955641072,0.14378412757338885,0.1164465578792056,0.17072428185298485,-0.024046221246392878,-0.02886140460293002,-0.019301858356692802,1.0,True,-0.0956476263080948,-0.14297769378056735,-0.05332421253420054,0.8333333333333334,True,-0.10921854257567663,-0.16082826653529264,-0.06044703693547981,0.7666666666666667,True,False,False,False,"robustness configuration: shares data, splits and baseline with the primary configuration of the same dataset, never pooled into primary counts"
FairVGNN,GIN,german,GIN,robustness,controlled,,same_protocol,False,,complete,30,-0.051657142857142846,-0.08895336507936508,-0.015435841269841254,0.06626809909357892,-0.04275154229422935,0.16889292764140104,0.042065731310254616,-0.08463020307768497,0.1686613541666667,0.021193650793650796,-0.0027708571428571417,0.044825714285714295,0.7333333333333333,False,0.08104309041465574,0.011811213094754431,0.1587914265425535,0.7666666666666667,True,0.08840460868153409,0.011895443510737602,0.16936744128118153,0.7666666666666667,True,-0.03046349206349206,-0.057567015873015895,-0.0060907619047619165,0.14731118950823469,0.06190093604758492,0.2330996192542287,0.13047033999178873,0.046126933702854714,0.21908813554145054,-0.005244444444444437,-0.02779701587301587,0.017249714285714285,0.5333333333333333,False,0.07844042647716082,-0.053855891542419806,0.18793361683111082,0.7333333333333333,False,0.08676494414550691,-0.02552835328014186,0.19270843740909474,0.7,False,True,False,False,"robustness configuration: shares data, splits and baseline with the primary configuration of the same dataset, never pooled into primary counts"
FairVGNN,SAGE,bail,SAGE,robustness,controlled,,same_protocol,False,,complete,30,0.11655950356574718,0.06816919549200072,0.16365610553532633,-0.039489097944263536,-0.08660078549463852,-0.0008000487177671707,-0.035626072074330765,-0.08448328135922116,0.0038787667784078075,0.012125670522714339,-0.0017084099581232655,0.024080880144287966,0.8666666666666667,False,0.02375029400472407,-0.007182321571056615,0.061046460553684435,0.6,False,0.019220161249173615,-0.010901550448440126,0.05369619012737759,0.6333333333333333,False,0.12868517408846153,0.07967095591705363,0.17766278335547572,-0.01573880393953947,-0.03251094651146266,0.0009535244356636154,-0.01640591082515715,-0.042142518887290425,0.002205697250346803,-0.007678279069079249,-0.02488660463789476,0.006423833683326563,0.5666666666666667,False,-0.010827648666603237,-0.042729543854687864,0.022511395365044568,0.5666666666666667,False,-0.017518304212373426,-0.03403238397025892,-0.002782673660409912,0.7,False,True,True,True,"robustness configuration: shares data, splits and baseline with the primary configuration of the same dataset, never pooled into primary counts"
FairVGNN,SAGE,credit,SAGE,robustness,controlled,,same_protocol,False,,complete,30,0.028213199653520045,0.02267811529852935,0.03465900435273961,0.005977691713902738,-0.037513545030280496,0.038326260097842596,0.0008022817200418711,-0.0462861356526894,0.036361024538695955,-0.008862439882249655,-0.013237508486650305,-0.0039768413214740905,0.8666666666666667,False,0.023066280293404837,-0.031660531477419214,0.07490242224460736,0.7,False,0.01384190032113867,-0.04851012794364957,0.06905355056694476,0.7,False,0.01935075977127039,0.01269926966218892,0.025821861327385884,0.02904397200730757,-0.019709826333154053,0.07375066838636113,0.014644182041180542,-0.04258242185257095,0.0641168177304823,-0.011197712181049084,-0.014528399031366917,-0.008165787068383078,0.9666666666666667,True,-0.0007567146684752617,-0.042007226822043976,0.03662495712655738,0.5,False,-0.01972456278395755,-0.06910021199376899,0.021017237243066485,0.5,False,True,False,False,"robustness configuration: shares data, splits and baseline with the primary configuration of the same dataset, never pooled into primary counts"
FairVGNN,SAGE,german,SAGE,robustness,controlled,,same_protocol,False,,complete,30,-0.03771428571428571,-0.06937904761904763,-0.006977111111111121,0.04740394093981636,-0.05855229710673624,0.1499044476273136,0.010254978368415926,-0.09533053454715221,0.11111022895993501,0.024020317460317454,-0.0009067301587301807,0.053933079365079364,0.6666666666666666,False,0.0327102852121982,-0.03652963539483265,0.10109445247060853,0.6333333333333333,False,0.03911025232788152,-0.031227135076400535,0.11078558459421005,0.6666666666666666,False,-0.013693968253968252,-0.04475584126984126,0.01334920634920634,0.08011422615201459,-0.05690731912475685,0.210898552298541,0.04936523069629744,-0.09142658814634007,0.18832279002026336,0.016396190476190467,-0.0032562539682539685,0.03529669841269837,0.7,False,0.07694287147945235,0.008410915230010883,0.14447030284912488,0.7333333333333333,False,0.07169592480018011,0.013086094028923627,0.1334001255799305,0.6666666666666666,False,True,True,False,"robustness configuration: shares data, splits and baseline with the primary configuration of the same dataset, never pooled into primary counts"
FnRGNN,GCN,german,default,primary,controlled,,same_protocol,False,"released for node regression: loss MSE -> BCE, losses on training nodes only, mmd_sample and H set by the harness (no loop released)",complete,30,-0.032231111111111106,-0.048682095238095226,-0.01703714285714285,0.014899152193044178,-0.06224187926268556,0.10505735597505449,-0.02406222881587623,-0.10208142436229813,0.06355430515069505,-0.005975873015873029,-0.03790133333333335,0.02361549206349203,0.5,False,0.16049017967938728,0.01853905498813619,0.2996543832326104,0.7666666666666667,True,0.1580807402097955,0.018296468031657152,0.2960192195787891,0.7586206896551724,True,-0.038206984126984124,-0.07420342857142857,-0.005832730158730192,0.17538933187243147,0.015233080845722889,0.32912751083285635,0.1340185113939193,-0.01932161295014457,0.2802125847785923,0.009570793650793653,-0.013912507936507935,0.031265238095238096,0.6666666666666666,False,0.1592190187083169,0.015401267898054165,0.3105996051039471,0.7333333333333333,False,0.15186246960368074,-0.002317001220257599,0.31348190955770583,0.7333333333333333,False,True,False,False,"task-adapted: released for node regression: loss MSE -> BCE, losses on training nodes only, mmd_sample and H set by the harness (no loop released); reported on its own, never counted in the primary summary"
FnRGNN,GCN,pokec_n,default,primary,controlled,,same_protocol,False,"released for node regression: loss MSE -> BCE, losses on training nodes only, mmd_sample and H set by the harness (no loop released)",complete,30,0.023430712857398398,0.015388469036172626,0.03040761617906874,-0.003304884439616182,-0.018010723736106068,0.014723343324794422,-0.005961852423887407,-0.024900886013533054,0.015364247649334516,-0.020165065517903678,-0.03146535355674868,-0.007250716973717448,0.9,True,0.06610525870062331,0.02023989250972962,0.11438853255133077,0.8666666666666667,True,0.06323405857694873,0.017945073630826557,0.1102245103974335,0.8333333333333334,True,0.0032656473394947223,-0.0035314826732091623,0.01067802194986709,0.06280037426100712,0.011224367446385528,0.1207076920029934,0.057272206153061306,0.0026457640140071796,0.1167051836700326,-0.027571834162367376,-0.036590870356848854,-0.018684974882669767,1.0,True,0.06470784711299657,0.014751384851626288,0.11342643793689011,0.7,False,0.06318407543223711,0.020879328614086225,0.10472686606447783,0.8333333333333334,True,True,False,False,"task-adapted: released for node regression: loss MSE -> BCE, losses on training nodes only, mmd_sample and H set by the harness (no loop released); reported on its own, never counted in the primary summary"
FnRGNN,GCN,pokec_z,default,primary,controlled,,same_protocol,False,"released for node regression: loss MSE -> BCE, losses on training nodes only, mmd_sample and H set by the harness (no loop released)",complete,30,0.03708372554268548,0.02831560699509553,0.046560983978406634,-0.02796731145084154,-0.05458040944404901,-0.0001839412949616479,-0.020221470098960085,-0.04653800335932358,0.009603735434588295,-0.06171365782706684,-0.08676875996032636,-0.03987437436827187,1.0,True,0.07964262599272305,0.047255315880695474,0.1142878894835848,0.9666666666666667,True,0.06032309532073151,0.034911167994618846,0.08527380176800417,0.9666666666666667,True,-0.024629932284381352,-0.04456610808668151,-0.005904242018703689,0.05167531454188152,0.014253934913657913,0.09082224246025629,0.040101625221771436,0.00668016162408209,0.07418516675398427,-0.05433110452075688,-0.06931344993360783,-0.04010539269371666,1.0,True,0.10376055424756461,0.0587171938673243,0.15625023084349535,1.0,True,0.08655915300632391,0.053699018489184576,0.1256184176498626,1.0,True,False,False,False,"task-adapted: released for node regression: loss MSE -> BCE, losses on training nodes only, mmd_sample and H set by the harness (no loop released); reported on its own, never counted in the primary summary"
GEAR,SAGE,bail,default,primary,controlled,,same_protocol,True,,complete,30,0.11718528224962985,0.0711091329128568,0.16319325250326777,-0.032221798640931776,-0.06752420205864078,0.002278773736188949,-0.026851818298703416,-0.057187206986996995,-0.003026448273163373,0.0026206539107915074,-0.0008494587381724294,0.006373682949641782,0.6,False,0.016000176658312805,-0.019841323790360427,0.04971797327947349,0.6666666666666666,False,0.02459840256574032,-0.0002383973383963428,0.04787098581865732,0.8666666666666667,False,0.11980593616042139,0.07394640252191537,0.1659428526545148,-0.016221621982618974,-0.03163874217703765,-0.00033389669210227184,-0.00225341573296309,-0.016251923745728297,0.01074485145418684,0.002632940024632165,-0.000690560750607898,0.0061999183019666075,0.6666666666666666,False,0.020494453671173203,-0.017993554318810605,0.05916588912056287,0.6333333333333333,False,0.0266373368844613,-0.0019016046984498,0.05605515457834287,0.8333333333333334,False,True,True,True,"the released counterfactual assets are three identical files that flip the sensitive attribute on the unchanged graph, so the cell measures the similarity objective given an attribute flip, not the published generator; no native cell: the published counterfactual assets cannot be reproduced"
NIFTY,GCN,bail,default,primary,controlled,,same_protocol,True,,complete,30,0.02871451344310671,-0.03540471608522388,0.0919208997000313,-0.0023556386865848625,-0.013288012276452398,0.008228797131684758,-0.0005757132261835707,-0.008062540861165712,0.005965514710309986,-0.025871430808994508,-0.05025113376309541,-0.007506783350628852,0.6333333333333333,False,0.000953085630577253,-0.006320805081897361,0.008548999664460703,0.5,False,-0.00043577851459750025,-0.004898613158537482,0.004042286393280632,0.5333333333333333,False,0.002843082634112204,-0.05843978032887629,0.06585989930424817,-0.001402553056007609,-0.014993694549695109,0.011684877233122937,-0.0010114917407810702,-0.008926175458481787,0.005721049233871843,-0.024353899643782397,-0.04870429576811772,-0.00612843411709362,0.6,False,0.0010588185498477322,-0.006181416601997685,0.008390397318909271,0.5,False,0.0013221726509098591,-0.0029736711973388057,0.005712858696828384,0.5666666666666667,False,True,True,True,
NIFTY,GCN,credit,default,primary,controlled,,same_protocol,True,,complete,30,-0.12179146484374259,-0.14878149365526894,-0.09666969347304395,0.07791030780548715,0.04414660303944984,0.11285724124297951,0.05247010550171435,0.015392119911319231,0.09148239741686162,-0.023084163526128763,-0.036500716512874135,-0.012997148636854012,1.0,True,0.016687013339315118,0.006075389922268874,0.027860957611645764,0.8,True,0.01630072475826315,0.005146729285870133,0.028558491614404942,0.7666666666666667,True,-0.14487562836987136,-0.1694795254799367,-0.12125321978447202,0.0945973211448023,0.06428718401303403,0.12492446879628438,0.06877083025997748,0.03380419788363404,0.10369432020231478,-0.020951519946728416,-0.03427487375844312,-0.010448478340203996,1.0,True,0.014176364241635124,0.006470944619787566,0.024439865290710558,0.75,True,0.011046233806669895,0.0018485304504872113,0.02252945139606867,0.6666666666666666,False,True,True,True,
NIFTY,GCN,german,default,primary,controlled,,same_protocol,True,,complete,30,-0.15260190476190474,-0.20093634920634917,-0.106250634920635,0.2384974679364982,0.11003993268776834,0.3686327777922643,0.18771010442593114,0.062272108725434615,0.3168985231632547,-0.03058920634920633,-0.05566507936507934,-0.007384793650793645,0.6666666666666666,False,-0.006451846881340765,-0.041800591948797435,0.03169526975788681,0.6,False,0.004244640468480539,-0.034407748651174415,0.04402823211761066,0.5666666666666667,False,-0.18319111111111114,-0.23258533333333328,-0.13149453968253969,0.23204562105515744,0.09229764578582354,0.3668624204584678,0.19195474489441172,0.06866667400293447,0.30826133383805626,-0.007037460317460323,-0.025281714285714303,0.005953269841269841,0.5833333333333334,False,0.024209929978745062,0.004105157273740589,0.057128690179164165,0.8571428571428571,True,0.025574498907127863,0.00399999999999999,0.056962495055055115,1.0,True,True,True,True,
NIFTY,GCN,german,default,primary,native,targeted,controlled_fixed_reference,False,,complete,30,-0.06637714285714286,-0.08259339682539685,-0.047944095238095244,0.3195119136748385,0.17677452518998502,0.4516911600763878,0.26920478962270483,0.1388928193499622,0.39169005996148465,0.05054222222222224,0.027963301587301616,0.07216031746031748,0.8666666666666667,True,-0.15102324761229438,-0.22529634717881347,-0.08137234689544902,0.9333333333333333,True,-0.12220322267796005,-0.18616862145390067,-0.06432566448801741,0.9333333333333333,True,-0.01583492063492064,-0.028685714285714294,-0.0007747936507936515,0.1684886660625442,0.07717306348021316,0.25410419640511733,0.1470015669447448,0.05459416411008852,0.23298794344422166,0.003443809523809527,-0.012911904761904763,0.018655238095238096,0.5666666666666667,False,-0.01998258152915698,-0.09161906106975953,0.05055433812093346,0.5666666666666667,False,-0.01950964788988881,-0.0781032257499631,0.03639195767195763,0.5333333333333333,False,True,True,True,"native protocol for the method arms only: the baseline is the fixed controlled reference trained at H = 200, so tau_I is a within-protocol contrast while tau_nonint and tau_pkg are measured against that fixed reference and are not a same-protocol B -> M contrast"
SFG,SAGE,bail,default,primary,controlled,,same_protocol,True,,complete,30,0.13120485738031606,0.08166140736174504,0.17882030324475845,-0.03398532841524495,-0.058105193110180545,-0.011408398027210805,-0.021826032933035592,-0.05260738479818924,0.002728590123038687,0.0021207433223233707,-0.008321002896372413,0.012270816385320087,0.5666666666666667,False,0.020155288693842956,0.00038896159567989685,0.0445637395397805,0.7333333333333333,False,0.007004775222389703,-0.00726187493413353,0.026971547687676813,0.5,False,0.1333256007026395,0.08429034499267363,0.18186968696525266,-0.013830039721401998,-0.030210317536050704,0.005062001147710477,-0.014821257710645888,-0.03252075475852494,0.002300261629653667,0.013334428975356586,-0.0013781430831953292,0.026080948430591642,0.7333333333333333,False,-0.0007910257922356291,-0.0077045704021778474,0.007623048760462056,0.5666666666666667,False,0.003910992916739074,-0.006530211397052536,0.016388033043936653,0.5666666666666667,False,True,True,True,
SFG,SAGE,bail,default,primary,native,systematic,controlled_fixed_reference,False,,complete,30,0.1320300358972632,0.08274733377299319,0.1800749417868429,-0.030165206709010482,-0.05512508032875525,-0.008622286860656594,-0.020302130144815602,-0.05070456457421999,0.0029521699430648312,0.0009609124925129331,-0.009069920455623787,0.011034759514228866,0.5666666666666667,False,0.016459368997433013,-0.004555730827496789,0.042942371102429926,0.7,False,0.003449107462378435,-0.012338782285705365,0.025142973350821593,0.5666666666666667,False,0.13299094838977615,0.08393956775327827,0.18103648763761213,-0.013705837711577473,-0.031203737192176985,0.00687224831361262,-0.01685302268243716,-0.03450846061739781,0.0010151424479342998,0.011821948732626642,-0.0020853404691644054,0.024522091854851817,0.7,False,-0.000828066690495564,-0.006839336716022841,0.005849548119570139,0.6333333333333333,False,0.002330845773668744,-0.00668418032705607,0.011590537126188814,0.5,False,True,True,True,"native protocol for the method arms only: the baseline is the fixed controlled reference trained at H = 200, so tau_I is a within-protocol contrast while tau_nonint and tau_pkg are measured against that fixed reference and are not a same-protocol B -> M contrast"
SFG,SAGE,credit,default,primary,controlled,,same_protocol,True,,complete,30,0.02983240970439711,0.023153915991647515,0.03663448331250304,0.11417747359575219,0.08649522033296507,0.143339646546742,0.11237792898089395,0.08637596193926134,0.13973885662174923,-0.009024333368179463,-0.01219678630758156,-0.0062543454040271665,0.9666666666666667,False,-0.0014645119121810862,-0.022553381436238532,0.015370106364672237,0.5333333333333333,False,0.0011074170919870329,-0.011945385395290595,0.013300820476430506,0.6,False,0.02080807633621765,0.014058813282066523,0.02762627625684552,0.11271296168357112,0.09166491732357875,0.13234068816726502,0.11348534607288098,0.090153002243714,0.13601324568557036,-0.006580516910918122,-0.008512897945512545,-0.004816881546571194,1.0,False,0.009528494296938956,-0.018719916740814555,0.04028986380144652,0.5333333333333333,False,0.009014057475674212,-0.014718841005523776,0.03713503556863953,0.5666666666666667,False,True,True,True,
SFG,SAGE,credit,default,primary,native,re_execution,controlled_fixed_reference,False,,complete,30,0.030154856837256886,0.02387002738706594,0.036383137771877655,0.1170852758973838,0.09307033785215169,0.14207639057578916,0.11601726907128976,0.09045135743764952,0.1426722251944531,-0.00929456289893964,-0.012303163246362117,-0.006299466202294629,1.0,False,-0.0009544332648502937,-0.015265488992377946,0.011498684486080922,0.6666666666666666,False,-0.00033286302361075314,-0.009974361578998633,0.008848960008239093,0.5666666666666667,False,0.020860293938317245,0.013950365010670386,0.0278165110355091,0.11613084263253351,0.0942040557148253,0.1370241129939295,0.115684406047679,0.09026430450515499,0.14034795847950124,-0.007248117921793107,-0.00973288426195529,-0.004817829925550016,1.0,False,0.002065902086820147,-0.020398139558552526,0.024684380900610682,0.5333333333333333,False,0.0018112390312643037,-0.01819889028621049,0.02244496402965521,0.5,False,True,True,True,"native protocol for the method arms only: the baseline is the fixed controlled reference trained at H = 200, so tau_I is a within-protocol contrast while tau_nonint and tau_pkg are measured against that fixed reference and are not a same-protocol B -> M contrast"
SFG,SAGE,german,default,primary,controlled,,same_protocol,True,,complete,30,0.0051860317460317535,-0.018705079365079348,0.0286939365079365,0.14146380645279794,0.015385230194068759,0.26485874596623826,0.12598381889990037,0.005608879117249737,0.24228519943970497,-0.011873015873015876,-0.02905904761904761,0.0037186666666666588,0.5666666666666667,False,0.07339332584567933,0.019775485925406663,0.12702941414258584,0.7,False,0.06468968161141524,0.018029923285655867,0.11519721328971896,0.7333333333333333,False,-0.006686984126984123,-0.033629333333333344,0.022378126984126983,0.21485713229847733,0.09214581437811545,0.33591976293279535,0.19067350051131565,0.07638902111879033,0.30204711427124037,-0.004525714285714281,-0.022989460317460332,0.01148203174603176,0.5666666666666667,False,0.013288706397844604,-0.0679153588850263,0.08863388175472389,0.5666666666666667,False,0.018657153387359664,-0.05604929460673157,0.08745549326556855,0.5666666666666667,False,False,True,True,
SFG,SAGE,german,default,primary,native,re_execution,controlled_fixed_reference,False,,complete,30,0.003702857142857145,-0.01481168253968255,0.022892888888888876,0.13496515449400015,0.018859812386042785,0.256238740399663,0.1119716774416623,0.003910828514473237,0.22439311236329643,-0.01511365079365079,-0.04175644444444447,0.008749396825396836,0.5666666666666667,False,0.027683462149950367,-0.03671939212573396,0.09327265405992431,0.6,False,0.03486848740678303,-0.020772982001311145,0.09441786125561334,0.6333333333333333,False,-0.011410793650793645,-0.04133726984126984,0.021603269841269836,0.16264861664395056,0.047398661604437696,0.28881463708294164,0.14684016484844534,0.03798819017175433,0.2623927801120448,-0.007674920634920638,-0.028236634920634923,0.015375936507936491,0.6333333333333333,False,-0.04794041682875852,-0.14696787214541687,0.06131241282264967,0.6666666666666666,False,-0.03329591564758291,-0.15348402227557692,0.0916881472283062,0.5517241379310345,False,False,True,True,"native protocol for the method arms only: the baseline is the fixed controlled reference trained at H = 200, so tau_I is a within-protocol contrast while tau_nonint and tau_pkg are measured against that fixed reference and are not a same-protocol B -> M contrast"
